
> lynxlearn-lms@1.0.0 dev
> next dev -p 3001

   ▲ Next.js 14.0.0
   - Local:        http://localhost:3001
   - Environments: .env

 ✓ Ready in 5s
 ○ Compiling /api/auth/[...nextauth]/route ...
 ✓ Compiled /api/auth/[...nextauth]/route in 1163ms (257 modules)
[next-auth][warn][DEBUG_ENABLED] 
https://next-auth.js.org/warnings#debug_enabled
 ○ Compiling /auth/signin/page ...
 ✓ Compiled /auth/signin/page in 3.8s (926 modules)
 ✓ Compiled in 972ms (357 modules)
[next-auth][warn][DEBUG_ENABLED] 
https://next-auth.js.org/warnings#debug_enabled
Redirect callback - URL: http://localhost:3001/dashboard Base URL: http://localhost:3001
 ○ Compiling /page ...
 ✓ Compiled /page in 1166ms (932 modules)
[next-auth][warn][DEBUG_ENABLED] 
https://next-auth.js.org/warnings#debug_enabled
Redirect callback - URL: http://localhost:3001 Base URL: http://localhost:3001
 ○ Compiling /middleware ...
 ⨯ Failed to generate static paths for /api/auth/[...nextauth]:
SyntaxError: Unexpected end of JSON input
    at JSON.parse (<anonymous>)
    at loadManifest (/Users/derahmanyelo/Documents/GitHub/EduLynx/node_modules/.pnpm/next@14.0.0_@babel+core@7.27.4_react-dom@18.2.0_react@18.2.0__react@18.2.0/node_modules/next/dist/server/load-manifest.js:30:27)
    at getMaybePagePath (/Users/derahmanyelo/Documents/GitHub/EduLynx/node_modules/.pnpm/next@14.0.0_@babel+core@7.27.4_react-dom@18.2.0_react@18.2.0__react@18.2.0/node_modules/next/dist/server/require.js:57:59)
    at getPagePath (/Users/derahmanyelo/Documents/GitHub/EduLynx/node_modules/.pnpm/next@14.0.0_@babel+core@7.27.4_react-dom@18.2.0_react@18.2.0__react@18.2.0/node_modules/next/dist/server/require.js:92:22)
    at requirePage (/Users/derahmanyelo/Documents/GitHub/EduLynx/node_modules/.pnpm/next@14.0.0_@babel+core@7.27.4_react-dom@18.2.0_react@18.2.0__react@18.2.0/node_modules/next/dist/server/require.js:99:22)
    at /Users/derahmanyelo/Documents/GitHub/EduLynx/node_modules/.pnpm/next@14.0.0_@babel+core@7.27.4_react-dom@18.2.0_react@18.2.0__react@18.2.0/node_modules/next/dist/server/load-components.js:59:84
    at process.processTicksAndRejections (node:internal/process/task_queues:95:5)
    at async loadComponentsImpl (/Users/derahmanyelo/Documents/GitHub/EduLynx/node_modules/.pnpm/next@14.0.0_@babel+core@7.27.4_react-dom@18.2.0_react@18.2.0__react@18.2.0/node_modules/next/dist/server/load-components.js:59:26)
    at async Object.loadStaticPaths (/Users/derahmanyelo/Documents/GitHub/EduLynx/node_modules/.pnpm/next@14.0.0_@babel+core@7.27.4_react-dom@18.2.0_react@18.2.0__react@18.2.0/node_modules/next/dist/server/dev/static-paths-worker.js:64:24) {
  type: 'SyntaxError'
}
 ✓ Compiled /middleware in 1176ms (155 modules)
Redirect callback - URL: http://localhost:3001 Base URL: http://localhost:3001
Redirect callback - URL: http://localhost:3001 Base URL: http://localhost:3001
Redirect callback - URL: http://localhost:3001 Base URL: http://localhost:3001
Redirect callback - URL: http://localhost:3001 Base URL: http://localhost:3001
Redirect callback - URL: http://localhost:3001 Base URL: http://localhost:3001
Redirect callback - URL: http://localhost:3001 Base URL: http://localhost:3001
Redirect callback - URL: http://localhost:3001 Base URL: http://localhost:3001
Redirect callback - URL: http://localhost:3001 Base URL: http://localhost:3001
Redirect callback - URL: http://localhost:3001 Base URL: http://localhost:3001
Redirect callback - URL: http://localhost:3001/auth/signin Base URL: http://localhost:3001
Connecting to database...
Attempting to authenticate: student1@lynxacademy.co.za
User found: student1@lynxacademy.co.za Role: STUDENT
Checking password...
Authentication successful for: student1@lynxacademy.co.za
JWT callback - User signed in: student1@lynxacademy.co.za
Redirect callback - URL: http://localhost:3001/auth/signin Base URL: http://localhost:3001
Session callback - Creating session for: student1@lynxacademy.co.za
 ○ Compiling /dashboard/page ...
 ✓ Compiled /dashboard/page in 1898ms (944 modules)
 ○ Compiling /courses/page ...
 ✓ Compiled /courses/page in 3.4s (1746 modules)
 ○ Compiling /ai-tutor/page ...
 ✓ Compiled /ai-tutor/page in 601ms (1512 modules)
 ⨯ Error: The default export is not a React Component in page: "/ai-tutor"
    at async Promise.all (index 0)
 ✓ Compiled /courses/[id]/page in 441ms (992 modules)
 ✓ Compiled in 2.1s (845 modules)
[next-auth][warn][DEBUG_ENABLED] 
https://next-auth.js.org/warnings#debug_enabled
Redirect callback - URL: http://localhost:3001/auth/signin Base URL: http://localhost:3001
Session callback - Creating session for: student1@lynxacademy.co.za
Redirect callback - URL: http://localhost:3001/auth/signin Base URL: http://localhost:3001
Session callback - Creating session for: student1@lynxacademy.co.za
Redirect callback - URL: http://localhost:3001/auth/signin Base URL: http://localhost:3001
Session callback - Creating session for: student1@lynxacademy.co.za
Redirect callback - URL: http://localhost:3001/auth/signin Base URL: http://localhost:3001
Session callback - Creating session for: student1@lynxacademy.co.za
Redirect callback - URL: http://localhost:3001/auth/signin Base URL: http://localhost:3001
Session callback - Creating session for: student1@lynxacademy.co.za
 ⨯ ../node_modules/.pnpm/next@14.0.0_@babel+core@7.27.4_react-dom@18.2.0_react@18.2.0__react@18.2.0/node_modules/next/dist/shared/lib/image-loader.js (41:26) @ defaultLoader
 ⨯ Error: Invalid src prop (https://images.unsplash.com/photo-1532094349884-543bc11b234d?ixlib=rb-4.0.3&auto=format&fit=crop&w=600&q=80) on `next/image`, hostname "images.unsplash.com" is not configured under images in your `next.config.js`
See more info: https://nextjs.org/docs/messages/next-image-unconfigured-host
    at Array.map (<anonymous>)
null
 ⨯ ../node_modules/.pnpm/next@14.0.0_@babel+core@7.27.4_react-dom@18.2.0_react@18.2.0__react@18.2.0/node_modules/next/dist/shared/lib/image-loader.js (41:26) @ defaultLoader
 ⨯ Error: Invalid src prop (https://images.unsplash.com/photo-1596495578065-6e0763fa1178?ixlib=rb-4.0.3&auto=format&fit=crop&w=600&q=80) on `next/image`, hostname "images.unsplash.com" is not configured under images in your `next.config.js`
See more info: https://nextjs.org/docs/messages/next-image-unconfigured-host
    at Array.map (<anonymous>)
null
 ⨯ ../node_modules/.pnpm/next@14.0.0_@babel+core@7.27.4_react-dom@18.2.0_react@18.2.0__react@18.2.0/node_modules/next/dist/shared/lib/image-loader.js (41:26) @ defaultLoader
 ⨯ Error: Invalid src prop (https://images.unsplash.com/photo-1481627834876-b7833e8f5570?ixlib=rb-4.0.3&auto=format&fit=crop&w=600&q=80) on `next/image`, hostname "images.unsplash.com" is not configured under images in your `next.config.js`
See more info: https://nextjs.org/docs/messages/next-image-unconfigured-host
    at Array.map (<anonymous>)
null
 ⨯ ../node_modules/.pnpm/next@14.0.0_@babel+core@7.27.4_react-dom@18.2.0_react@18.2.0__react@18.2.0/node_modules/next/dist/shared/lib/image-loader.js (41:26) @ defaultLoader
 ⨯ Error: Invalid src prop (https://images.unsplash.com/photo-1481627834876-b7833e8f5570?ixlib=rb-4.0.3&auto=format&fit=crop&w=600&q=80) on `next/image`, hostname "images.unsplash.com" is not configured under images in your `next.config.js`
See more info: https://nextjs.org/docs/messages/next-image-unconfigured-host
    at Array.map (<anonymous>)
null
 ⨯ ../node_modules/.pnpm/next@14.0.0_@babel+core@7.27.4_react-dom@18.2.0_react@18.2.0__react@18.2.0/node_modules/next/dist/shared/lib/image-loader.js (41:26) @ defaultLoader
 ⨯ Error: Invalid src prop (https://images.unsplash.com/photo-1559757148-5c350d0d3c56?ixlib=rb-4.0.3&auto=format&fit=crop&w=600&q=80) on `next/image`, hostname "images.unsplash.com" is not configured under images in your `next.config.js`
See more info: https://nextjs.org/docs/messages/next-image-unconfigured-host
    at Array.map (<anonymous>)
null
 ⨯ ../node_modules/.pnpm/next@14.0.0_@babel+core@7.27.4_react-dom@18.2.0_react@18.2.0__react@18.2.0/node_modules/next/dist/shared/lib/image-loader.js (41:26) @ defaultLoader
 ⨯ Error: Invalid src prop (https://images.unsplash.com/photo-1559757148-5c350d0d3c56?ixlib=rb-4.0.3&auto=format&fit=crop&w=600&q=80) on `next/image`, hostname "images.unsplash.com" is not configured under images in your `next.config.js`
See more info: https://nextjs.org/docs/messages/next-image-unconfigured-host
    at Array.map (<anonymous>)
null
Redirect callback - URL: http://localhost:3001/auth/signin Base URL: http://localhost:3001
Session callback - Creating session for: student1@lynxacademy.co.za
Redirect callback - URL: http://localhost:3001/auth/signin Base URL: http://localhost:3001
Session callback - Creating session for: student1@lynxacademy.co.za
Redirect callback - URL: http://localhost:3001/auth/signin Base URL: http://localhost:3001
Session callback - Creating session for: student1@lynxacademy.co.za
Redirect callback - URL: http://localhost:3001/auth/signin Base URL: http://localhost:3001
Session callback - Creating session for: student1@lynxacademy.co.za
 ✓ Compiled in 4.9s (1613 modules)
 ⨯ Error: The default export is not a React Component in page: "/ai-tutor"
    at async Promise.all (index 0)
    at async Promise.all (index 0)
 ✓ Compiled in 2.5s (1613 modules)
 ⚠ Fast Refresh had to perform a full reload due to a runtime error.
 ⨯ Error: The default export is not a React Component in page: "/ai-tutor"
    at async Promise.all (index 0)
    at async Promise.all (index 0)
 ⨯ Error: The default export is not a React Component in page: "/ai-tutor"
    at async Promise.all (index 0)
    at async Promise.all (index 0)
digest: "2036993463"
 ✓ Compiled in 1632ms (1613 modules)
 ⨯ Error: The default export is not a React Component in page: "/ai-tutor"
    at async Promise.all (index 0)
    at async Promise.all (index 0)
 ⨯ Error: The default export is not a React Component in page: "/ai-tutor"
    at async Promise.all (index 0)
    at async Promise.all (index 0)
digest: "1209951696"
 ✓ Compiled in 1486ms (1613 modules)
 ⨯ Error: The default export is not a React Component in page: "/ai-tutor"
    at async Promise.all (index 0)
    at async Promise.all (index 0)
 ⨯ Error: The default export is not a React Component in page: "/ai-tutor"
    at async Promise.all (index 0)
    at async Promise.all (index 0)
digest: "1209951696"
 ⨯ ./components/theme/theme-toggle.tsx
Error: 
  [31mx[0m 'import', and 'export' cannot be used outside of module code
    ,-[[36;1;4m/Users/derahmanyelo/Documents/GitHub/EduLynx/packages/lynxlearn-lms/components/theme/theme-toggle.tsx[0m:23:1]
 [2m23[0m |     );
 [2m24[0m |   }
 [2m25[0m | 
 [2m26[0m | export function ThemeToggle() {
    : [31;1m^^^^^^[0m
 [2m27[0m |   const { theme, setTheme, effectiveTheme } = useTheme();
 [2m28[0m | 
 [2m29[0m |   return (
    `----

Caused by:
    Syntax Error

Import trace for requested module:
./components/theme/theme-toggle.tsx
./components/ui/enhanced-navigation.tsx
./app/layout.tsx
 ⨯ ./components/theme/theme-toggle.tsx
Error: 
  [31mx[0m 'import', and 'export' cannot be used outside of module code
    ,-[[36;1;4m/Users/derahmanyelo/Documents/GitHub/EduLynx/packages/lynxlearn-lms/components/theme/theme-toggle.tsx[0m:23:1]
 [2m23[0m |     );
 [2m24[0m |   }
 [2m25[0m | 
 [2m26[0m | export function ThemeToggle() {
    : [31;1m^^^^^^[0m
 [2m27[0m |   const { theme, setTheme, effectiveTheme } = useTheme();
 [2m28[0m | 
 [2m29[0m |   return (
    `----

Caused by:
    Syntax Error

Import trace for requested module:
./components/theme/theme-toggle.tsx
./components/ui/enhanced-navigation.tsx
./app/layout.tsx
 ✓ Compiled in 1807ms (1613 modules)
 ⨯ Error: The default export is not a React Component in page: "/ai-tutor"
    at async Promise.all (index 0)
    at async Promise.all (index 0)
 ⨯ Error: The default export is not a React Component in page: "/ai-tutor"
    at async Promise.all (index 0)
    at async Promise.all (index 0)
digest: "1209951696"
 ✓ Compiled in 2.1s (1613 modules)
 ⨯ Error: The default export is not a React Component in page: "/ai-tutor"
    at async Promise.all (index 0)
    at async Promise.all (index 0)
 ⨯ Error: The default export is not a React Component in page: "/ai-tutor"
    at async Promise.all (index 0)
    at async Promise.all (index 0)
digest: "1209951696"
 ○ Compiling /api/auth/[...nextauth]/route ...
 ✓ Compiled /api/auth/[...nextauth]/route in 1492ms (992 modules)
[next-auth][warn][DEBUG_ENABLED] 
https://next-auth.js.org/warnings#debug_enabled
Redirect callback - URL: http://localhost:3001/auth/signin Base URL: http://localhost:3001
Session callback - Creating session for: student1@lynxacademy.co.za
Redirect callback - URL: http://localhost:3001/auth/signin Base URL: http://localhost:3001
Session callback - Creating session for: student1@lynxacademy.co.za
Redirect callback - URL: http://localhost:3001/auth/signin Base URL: http://localhost:3001
Session callback - Creating session for: student1@lynxacademy.co.za
Redirect callback - URL: http://localhost:3001/auth/signin Base URL: http://localhost:3001
Redirect callback - URL: / Base URL: http://localhost:3001
Redirect callback - URL: http://localhost:3001/ Base URL: http://localhost:3001
Redirect callback - URL: http://localhost:3001/ Base URL: http://localhost:3001
Redirect callback - URL: http://localhost:3001/ Base URL: http://localhost:3001
Redirect callback - URL: http://localhost:3001/ Base URL: http://localhost:3001
Redirect callback - URL: http://localhost:3001/ Base URL: http://localhost:3001
Redirect callback - URL: http://localhost:3001/ Base URL: http://localhost:3001
Redirect callback - URL: http://localhost:3001/ Base URL: http://localhost:3001
Redirect callback - URL: http://localhost:3001/ Base URL: http://localhost:3001
Redirect callback - URL: http://localhost:3001/auth/signin Base URL: http://localhost:3001
Connecting to database...
Attempting to authenticate: student1@lynxacademy.co.za
User found: student1@lynxacademy.co.za Role: STUDENT
Checking password...
Authentication successful for: student1@lynxacademy.co.za
JWT callback - User signed in: student1@lynxacademy.co.za
Redirect callback - URL: http://localhost:3001/auth/signin Base URL: http://localhost:3001
Session callback - Creating session for: student1@lynxacademy.co.za
Redirect callback - URL: http://localhost:3001/auth/signin Base URL: http://localhost:3001
Session callback - Creating session for: student1@lynxacademy.co.za
Redirect callback - URL: http://localhost:3001/auth/signin Base URL: http://localhost:3001
Session callback - Creating session for: student1@lynxacademy.co.za
Redirect callback - URL: http://localhost:3001/auth/signin Base URL: http://localhost:3001
Session callback - Creating session for: student1@lynxacademy.co.za
Redirect callback - URL: http://localhost:3001/auth/signin Base URL: http://localhost:3001
Session callback - Creating session for: student1@lynxacademy.co.za
Redirect callback - URL: http://localhost:3001/auth/signin Base URL: http://localhost:3001
Session callback - Creating session for: student1@lynxacademy.co.za
Redirect callback - URL: http://localhost:3001/auth/signin Base URL: http://localhost:3001
Session callback - Creating session for: student1@lynxacademy.co.za
Redirect callback - URL: http://localhost:3001/auth/signin Base URL: http://localhost:3001
Session callback - Creating session for: student1@lynxacademy.co.za
Redirect callback - URL: http://localhost:3001/auth/signin Base URL: http://localhost:3001
Session callback - Creating session for: student1@lynxacademy.co.za
Redirect callback - URL: http://localhost:3001/auth/signin Base URL: http://localhost:3001
Session callback - Creating session for: student1@lynxacademy.co.za
 ✓ Compiled in 6.9s (1613 modules)
 ⨯ Error: The default export is not a React Component in page: "/ai-tutor"
    at async Promise.all (index 0)
    at async Promise.all (index 0)
 ⨯ Error: The default export is not a React Component in page: "/ai-tutor"
    at async Promise.all (index 0)
    at async Promise.all (index 0)
digest: "2036993463"
 ✓ Compiled in 1709ms (1613 modules)
 ⨯ Error: The default export is not a React Component in page: "/ai-tutor"
    at async Promise.all (index 0)
    at async Promise.all (index 0)
 ⨯ Error: The default export is not a React Component in page: "/ai-tutor"
    at async Promise.all (index 0)
    at async Promise.all (index 0)
digest: "1209951696"
 ✓ Compiled in 1602ms (1613 modules)
 ⨯ Error: The default export is not a React Component in page: "/ai-tutor"
    at async Promise.all (index 0)
    at async Promise.all (index 0)
 ⨯ Error: The default export is not a React Component in page: "/ai-tutor"
    at async Promise.all (index 0)
    at async Promise.all (index 0)
digest: "1209951696"
 ✓ Compiled /api/auth/[...nextauth]/route in 397ms (992 modules)
[next-auth][warn][DEBUG_ENABLED] 
https://next-auth.js.org/warnings#debug_enabled
Redirect callback - URL: http://localhost:3001/auth/signin Base URL: http://localhost:3001
Session callback - Creating session for: student1@lynxacademy.co.za
Redirect callback - URL: http://localhost:3001/auth/signin Base URL: http://localhost:3001
Session callback - Creating session for: student1@lynxacademy.co.za
Redirect callback - URL: http://localhost:3001/auth/signin Base URL: http://localhost:3001
Session callback - Creating session for: student1@lynxacademy.co.za
 ○ Compiling /courses/[id]/page ...
 ✓ Compiled /courses/[id]/page in 1366ms (1027 modules)
 ⨯ ../node_modules/.pnpm/next@14.0.0_@babel+core@7.27.4_react-dom@18.2.0_react@18.2.0__react@18.2.0/node_modules/next/dist/shared/lib/image-loader.js (41:26) @ defaultLoader
 ⨯ Error: Invalid src prop (https://images.unsplash.com/photo-1532094349884-543bc11b234d?ixlib=rb-4.0.3&auto=format&fit=crop&w=600&q=80) on `next/image`, hostname "images.unsplash.com" is not configured under images in your `next.config.js`
See more info: https://nextjs.org/docs/messages/next-image-unconfigured-host
    at Array.map (<anonymous>)
null
 ⨯ ../node_modules/.pnpm/next@14.0.0_@babel+core@7.27.4_react-dom@18.2.0_react@18.2.0__react@18.2.0/node_modules/next/dist/shared/lib/image-loader.js (41:26) @ defaultLoader
 ⨯ Error: Invalid src prop (https://images.unsplash.com/photo-1559757148-5c350d0d3c56?ixlib=rb-4.0.3&auto=format&fit=crop&w=600&q=80) on `next/image`, hostname "images.unsplash.com" is not configured under images in your `next.config.js`
See more info: https://nextjs.org/docs/messages/next-image-unconfigured-host
    at Array.map (<anonymous>)
null
 ⨯ ../node_modules/.pnpm/next@14.0.0_@babel+core@7.27.4_react-dom@18.2.0_react@18.2.0__react@18.2.0/node_modules/next/dist/shared/lib/image-loader.js (41:26) @ defaultLoader
 ⨯ Error: Invalid src prop (https://images.unsplash.com/photo-1596495578065-6e0763fa1178?ixlib=rb-4.0.3&auto=format&fit=crop&w=600&q=80) on `next/image`, hostname "images.unsplash.com" is not configured under images in your `next.config.js`
See more info: https://nextjs.org/docs/messages/next-image-unconfigured-host
    at Array.map (<anonymous>)
null
 ⨯ ../node_modules/.pnpm/next@14.0.0_@babel+core@7.27.4_react-dom@18.2.0_react@18.2.0__react@18.2.0/node_modules/next/dist/shared/lib/image-loader.js (41:26) @ defaultLoader
 ⨯ Error: Invalid src prop (https://images.unsplash.com/photo-1532094349884-543bc11b234d?ixlib=rb-4.0.3&auto=format&fit=crop&w=600&q=80) on `next/image`, hostname "images.unsplash.com" is not configured under images in your `next.config.js`
See more info: https://nextjs.org/docs/messages/next-image-unconfigured-host
    at Array.map (<anonymous>)
null
 ⨯ ../node_modules/.pnpm/next@14.0.0_@babel+core@7.27.4_react-dom@18.2.0_react@18.2.0__react@18.2.0/node_modules/next/dist/shared/lib/image-loader.js (41:26) @ defaultLoader
 ⨯ Error: Invalid src prop (https://images.unsplash.com/photo-1559757148-5c350d0d3c56?ixlib=rb-4.0.3&auto=format&fit=crop&w=600&q=80) on `next/image`, hostname "images.unsplash.com" is not configured under images in your `next.config.js`
See more info: https://nextjs.org/docs/messages/next-image-unconfigured-host
    at Array.map (<anonymous>)
null
 ⨯ ../node_modules/.pnpm/next@14.0.0_@babel+core@7.27.4_react-dom@18.2.0_react@18.2.0__react@18.2.0/node_modules/next/dist/shared/lib/image-loader.js (41:26) @ defaultLoader
 ⨯ Error: Invalid src prop (https://images.unsplash.com/photo-1596495578065-6e0763fa1178?ixlib=rb-4.0.3&auto=format&fit=crop&w=600&q=80) on `next/image`, hostname "images.unsplash.com" is not configured under images in your `next.config.js`
See more info: https://nextjs.org/docs/messages/next-image-unconfigured-host
    at Array.map (<anonymous>)
null
[next-auth][warn][DEBUG_ENABLED] 
https://next-auth.js.org/warnings#debug_enabled
Redirect callback - URL: http://localhost:3001/auth/signin Base URL: http://localhost:3001
Session callback - Creating session for: student1@lynxacademy.co.za
Redirect callback - URL: http://localhost:3001/auth/signin Base URL: http://localhost:3001
Session callback - Creating session for: student1@lynxacademy.co.za
 ✓ Compiled in 3.9s (1886 modules)
 ✓ Compiled in 1ms (1027 modules)
 ✓ Compiled in 1ms (1027 modules)
 ✓ Compiled in 1ms (1027 modules)
[next-auth][warn][DEBUG_ENABLED] 
https://next-auth.js.org/warnings#debug_enabled
Redirect callback - URL: http://localhost:3001/auth/signin Base URL: http://localhost:3001
Session callback - Creating session for: student1@lynxacademy.co.za
 ✓ Compiled in 1ms (1027 modules)
 ⨯ Error: The default export is not a React Component in page: "/ai-tutor"
    at async Promise.all (index 0)
    at async Promise.all (index 0)
 ⨯ Error: The default export is not a React Component in page: "/ai-tutor"
    at async Promise.all (index 0)
    at async Promise.all (index 0)
digest: "2036993463"
 ○ Compiling /not-found ...
 ✓ Compiled /not-found in 3.3s (1877 modules)
[next-auth][warn][DEBUG_ENABLED] 
https://next-auth.js.org/warnings#debug_enabled
Redirect callback - URL: http://localhost:3001/auth/signin Base URL: http://localhost:3001
Session callback - Creating session for: student1@lynxacademy.co.za
Redirect callback - URL: http://localhost:3001/auth/signin Base URL: http://localhost:3001
Session callback - Creating session for: student1@lynxacademy.co.za
Redirect callback - URL: http://localhost:3001/auth/signin Base URL: http://localhost:3001
Session callback - Creating session for: student1@lynxacademy.co.za
 ⨯ ../node_modules/.pnpm/next@14.0.0_@babel+core@7.27.4_react-dom@18.2.0_react@18.2.0__react@18.2.0/node_modules/next/dist/shared/lib/image-loader.js (41:26) @ defaultLoader
 ⨯ Error: Invalid src prop (https://images.unsplash.com/photo-1559757148-5c350d0d3c56?ixlib=rb-4.0.3&auto=format&fit=crop&w=600&q=80) on `next/image`, hostname "images.unsplash.com" is not configured under images in your `next.config.js`
See more info: https://nextjs.org/docs/messages/next-image-unconfigured-host
    at Array.map (<anonymous>)
null
 ⨯ ../node_modules/.pnpm/next@14.0.0_@babel+core@7.27.4_react-dom@18.2.0_react@18.2.0__react@18.2.0/node_modules/next/dist/shared/lib/image-loader.js (41:26) @ defaultLoader
 ⨯ Error: Invalid src prop (https://images.unsplash.com/photo-1559757148-5c350d0d3c56?ixlib=rb-4.0.3&auto=format&fit=crop&w=600&q=80) on `next/image`, hostname "images.unsplash.com" is not configured under images in your `next.config.js`
See more info: https://nextjs.org/docs/messages/next-image-unconfigured-host
    at Array.map (<anonymous>)
null
 ⨯ ../node_modules/.pnpm/next@14.0.0_@babel+core@7.27.4_react-dom@18.2.0_react@18.2.0__react@18.2.0/node_modules/next/dist/shared/lib/image-loader.js (41:26) @ defaultLoader
 ⨯ Error: Invalid src prop (https://images.unsplash.com/photo-1559757148-5c350d0d3c56?ixlib=rb-4.0.3&auto=format&fit=crop&w=600&q=80) on `next/image`, hostname "images.unsplash.com" is not configured under images in your `next.config.js`
See more info: https://nextjs.org/docs/messages/next-image-unconfigured-host
    at Array.map (<anonymous>)
null
 ⨯ ../node_modules/.pnpm/next@14.0.0_@babel+core@7.27.4_react-dom@18.2.0_react@18.2.0__react@18.2.0/node_modules/next/dist/shared/lib/image-loader.js (41:26) @ defaultLoader
 ⨯ Error: Invalid src prop (https://images.unsplash.com/photo-1481627834876-b7833e8f5570?ixlib=rb-4.0.3&auto=format&fit=crop&w=600&q=80) on `next/image`, hostname "images.unsplash.com" is not configured under images in your `next.config.js`
See more info: https://nextjs.org/docs/messages/next-image-unconfigured-host
    at Array.map (<anonymous>)
null
 ⨯ ../node_modules/.pnpm/next@14.0.0_@babel+core@7.27.4_react-dom@18.2.0_react@18.2.0__react@18.2.0/node_modules/next/dist/shared/lib/image-loader.js (41:26) @ defaultLoader
 ⨯ Error: Invalid src prop (https://images.unsplash.com/photo-1559757148-5c350d0d3c56?ixlib=rb-4.0.3&auto=format&fit=crop&w=600&q=80) on `next/image`, hostname "images.unsplash.com" is not configured under images in your `next.config.js`
See more info: https://nextjs.org/docs/messages/next-image-unconfigured-host
    at Array.map (<anonymous>)
null
 ⨯ ../node_modules/.pnpm/next@14.0.0_@babel+core@7.27.4_react-dom@18.2.0_react@18.2.0__react@18.2.0/node_modules/next/dist/shared/lib/image-loader.js (41:26) @ defaultLoader
 ⨯ Error: Invalid src prop (https://images.unsplash.com/photo-1532094349884-543bc11b234d?ixlib=rb-4.0.3&auto=format&fit=crop&w=600&q=80) on `next/image`, hostname "images.unsplash.com" is not configured under images in your `next.config.js`
See more info: https://nextjs.org/docs/messages/next-image-unconfigured-host
    at Array.map (<anonymous>)
null
Redirect callback - URL: http://localhost:3001/auth/signin Base URL: http://localhost:3001
Session callback - Creating session for: student1@lynxacademy.co.za
Redirect callback - URL: http://localhost:3001/auth/signin Base URL: http://localhost:3001
Session callback - Creating session for: student1@lynxacademy.co.za
Redirect callback - URL: http://localhost:3001/auth/signin Base URL: http://localhost:3001
Session callback - Creating session for: student1@lynxacademy.co.za
Redirect callback - URL: http://localhost:3001/auth/signin Base URL: http://localhost:3001
Session callback - Creating session for: student1@lynxacademy.co.za
 ✓ Compiled in 4.4s (1891 modules)
[next-auth][warn][DEBUG_ENABLED] 
https://next-auth.js.org/warnings#debug_enabled
Redirect callback - URL: http://localhost:3001/auth/signin Base URL: http://localhost:3001
Session callback - Creating session for: student1@lynxacademy.co.za
Redirect callback - URL: http://localhost:3001/auth/signin Base URL: http://localhost:3001
Session callback - Creating session for: student1@lynxacademy.co.za
 ⨯ Error: The default export is not a React Component in page: "/ai-tutor"
    at async Promise.all (index 0)
    at async Promise.all (index 0)
 ⨯ Error: The default export is not a React Component in page: "/ai-tutor"
    at async Promise.all (index 0)
    at async Promise.all (index 0)
digest: "2646302004"
Redirect callback - URL: http://localhost:3001/auth/signin Base URL: http://localhost:3001
Session callback - Creating session for: student1@lynxacademy.co.za
 ⨯ ../node_modules/.pnpm/next@14.0.0_@babel+core@7.27.4_react-dom@18.2.0_react@18.2.0__react@18.2.0/node_modules/next/dist/shared/lib/image-loader.js (41:26) @ defaultLoader
 ⨯ Error: Invalid src prop (https://images.unsplash.com/photo-1596495578065-6e0763fa1178?ixlib=rb-4.0.3&auto=format&fit=crop&w=600&q=80) on `next/image`, hostname "images.unsplash.com" is not configured under images in your `next.config.js`
See more info: https://nextjs.org/docs/messages/next-image-unconfigured-host
    at Array.map (<anonymous>)
null
 ⨯ ../node_modules/.pnpm/next@14.0.0_@babel+core@7.27.4_react-dom@18.2.0_react@18.2.0__react@18.2.0/node_modules/next/dist/shared/lib/image-loader.js (41:26) @ defaultLoader
 ⨯ Error: Invalid src prop (https://images.unsplash.com/photo-1481627834876-b7833e8f5570?ixlib=rb-4.0.3&auto=format&fit=crop&w=600&q=80) on `next/image`, hostname "images.unsplash.com" is not configured under images in your `next.config.js`
See more info: https://nextjs.org/docs/messages/next-image-unconfigured-host
    at Array.map (<anonymous>)
null
 ⨯ ../node_modules/.pnpm/next@14.0.0_@babel+core@7.27.4_react-dom@18.2.0_react@18.2.0__react@18.2.0/node_modules/next/dist/shared/lib/image-loader.js (41:26) @ defaultLoader
 ⨯ Error: Invalid src prop (https://images.unsplash.com/photo-1559757148-5c350d0d3c56?ixlib=rb-4.0.3&auto=format&fit=crop&w=600&q=80) on `next/image`, hostname "images.unsplash.com" is not configured under images in your `next.config.js`
See more info: https://nextjs.org/docs/messages/next-image-unconfigured-host
    at Array.map (<anonymous>)
null
 ⨯ ../node_modules/.pnpm/next@14.0.0_@babel+core@7.27.4_react-dom@18.2.0_react@18.2.0__react@18.2.0/node_modules/next/dist/shared/lib/image-loader.js (41:26) @ defaultLoader
 ⨯ Error: Invalid src prop (https://images.unsplash.com/photo-1596495578065-6e0763fa1178?ixlib=rb-4.0.3&auto=format&fit=crop&w=600&q=80) on `next/image`, hostname "images.unsplash.com" is not configured under images in your `next.config.js`
See more info: https://nextjs.org/docs/messages/next-image-unconfigured-host
    at Array.map (<anonymous>)
null
 ⨯ ../node_modules/.pnpm/next@14.0.0_@babel+core@7.27.4_react-dom@18.2.0_react@18.2.0__react@18.2.0/node_modules/next/dist/shared/lib/image-loader.js (41:26) @ defaultLoader
 ⨯ Error: Invalid src prop (https://images.unsplash.com/photo-1596495578065-6e0763fa1178?ixlib=rb-4.0.3&auto=format&fit=crop&w=600&q=80) on `next/image`, hostname "images.unsplash.com" is not configured under images in your `next.config.js`
See more info: https://nextjs.org/docs/messages/next-image-unconfigured-host
    at Array.map (<anonymous>)
null
 ⨯ ../node_modules/.pnpm/next@14.0.0_@babel+core@7.27.4_react-dom@18.2.0_react@18.2.0__react@18.2.0/node_modules/next/dist/shared/lib/image-loader.js (41:26) @ defaultLoader
 ⨯ Error: Invalid src prop (https://images.unsplash.com/photo-1532094349884-543bc11b234d?ixlib=rb-4.0.3&auto=format&fit=crop&w=600&q=80) on `next/image`, hostname "images.unsplash.com" is not configured under images in your `next.config.js`
See more info: https://nextjs.org/docs/messages/next-image-unconfigured-host
    at Array.map (<anonymous>)
null
Redirect callback - URL: http://localhost:3001/auth/signin Base URL: http://localhost:3001
Session callback - Creating session for: student1@lynxacademy.co.za
Redirect callback - URL: http://localhost:3001/auth/signin Base URL: http://localhost:3001
Session callback - Creating session for: student1@lynxacademy.co.za
Redirect callback - URL: http://localhost:3001/auth/signin Base URL: http://localhost:3001
Session callback - Creating session for: student1@lynxacademy.co.za
Redirect callback - URL: http://localhost:3001/auth/signin Base URL: http://localhost:3001
Session callback - Creating session for: student1@lynxacademy.co.za
Redirect callback - URL: http://localhost:3001/auth/signin Base URL: http://localhost:3001
Session callback - Creating session for: student1@lynxacademy.co.za
 ⨯ ../node_modules/.pnpm/next@14.0.0_@babel+core@7.27.4_react-dom@18.2.0_react@18.2.0__react@18.2.0/node_modules/next/dist/shared/lib/image-loader.js (41:26) @ defaultLoader
 ⨯ Error: Invalid src prop (https://images.unsplash.com/photo-1481627834876-b7833e8f5570?ixlib=rb-4.0.3&auto=format&fit=crop&w=600&q=80) on `next/image`, hostname "images.unsplash.com" is not configured under images in your `next.config.js`
See more info: https://nextjs.org/docs/messages/next-image-unconfigured-host
    at Array.map (<anonymous>)
null
 ⨯ ../node_modules/.pnpm/next@14.0.0_@babel+core@7.27.4_react-dom@18.2.0_react@18.2.0__react@18.2.0/node_modules/next/dist/shared/lib/image-loader.js (41:26) @ defaultLoader
 ⨯ Error: Invalid src prop (https://images.unsplash.com/photo-1559757148-5c350d0d3c56?ixlib=rb-4.0.3&auto=format&fit=crop&w=600&q=80) on `next/image`, hostname "images.unsplash.com" is not configured under images in your `next.config.js`
See more info: https://nextjs.org/docs/messages/next-image-unconfigured-host
    at Array.map (<anonymous>)
null
 ⨯ ../node_modules/.pnpm/next@14.0.0_@babel+core@7.27.4_react-dom@18.2.0_react@18.2.0__react@18.2.0/node_modules/next/dist/shared/lib/image-loader.js (41:26) @ defaultLoader
 ⨯ Error: Invalid src prop (https://images.unsplash.com/photo-1532094349884-543bc11b234d?ixlib=rb-4.0.3&auto=format&fit=crop&w=600&q=80) on `next/image`, hostname "images.unsplash.com" is not configured under images in your `next.config.js`
See more info: https://nextjs.org/docs/messages/next-image-unconfigured-host
    at Array.map (<anonymous>)
null
 ⨯ ../node_modules/.pnpm/next@14.0.0_@babel+core@7.27.4_react-dom@18.2.0_react@18.2.0__react@18.2.0/node_modules/next/dist/shared/lib/image-loader.js (41:26) @ defaultLoader
 ⨯ Error: Invalid src prop (https://images.unsplash.com/photo-1532094349884-543bc11b234d?ixlib=rb-4.0.3&auto=format&fit=crop&w=600&q=80) on `next/image`, hostname "images.unsplash.com" is not configured under images in your `next.config.js`
See more info: https://nextjs.org/docs/messages/next-image-unconfigured-host
    at Array.map (<anonymous>)
null
Redirect callback - URL: http://localhost:3001/auth/signin Base URL: http://localhost:3001
Session callback - Creating session for: student1@lynxacademy.co.za
 ⨯ ../node_modules/.pnpm/next@14.0.0_@babel+core@7.27.4_react-dom@18.2.0_react@18.2.0__react@18.2.0/node_modules/next/dist/shared/lib/image-loader.js (41:26) @ defaultLoader
 ⨯ Error: Invalid src prop (https://images.unsplash.com/photo-1596495578065-6e0763fa1178?ixlib=rb-4.0.3&auto=format&fit=crop&w=600&q=80) on `next/image`, hostname "images.unsplash.com" is not configured under images in your `next.config.js`
See more info: https://nextjs.org/docs/messages/next-image-unconfigured-host
    at Array.map (<anonymous>)
null
Redirect callback - URL: http://localhost:3001/auth/signin Base URL: http://localhost:3001
Session callback - Creating session for: student1@lynxacademy.co.za
 ⨯ ../node_modules/.pnpm/next@14.0.0_@babel+core@7.27.4_react-dom@18.2.0_react@18.2.0__react@18.2.0/node_modules/next/dist/shared/lib/image-loader.js (41:26) @ defaultLoader
 ⨯ Error: Invalid src prop (https://images.unsplash.com/photo-1532094349884-543bc11b234d?ixlib=rb-4.0.3&auto=format&fit=crop&w=600&q=80) on `next/image`, hostname "images.unsplash.com" is not configured under images in your `next.config.js`
See more info: https://nextjs.org/docs/messages/next-image-unconfigured-host
    at Array.map (<anonymous>)
null
Redirect callback - URL: http://localhost:3001/auth/signin Base URL: http://localhost:3001
Session callback - Creating session for: student1@lynxacademy.co.za
Redirect callback - URL: http://localhost:3001/auth/signin Base URL: http://localhost:3001
Session callback - Creating session for: student1@lynxacademy.co.za
Redirect callback - URL: http://localhost:3001/auth/signin Base URL: http://localhost:3001
Session callback - Creating session for: student1@lynxacademy.co.za
Redirect callback - URL: http://localhost:3001/auth/signin Base URL: http://localhost:3001
Session callback - Creating session for: student1@lynxacademy.co.za
Redirect callback - URL: http://localhost:3001/auth/signin Base URL: http://localhost:3001
Session callback - Creating session for: student1@lynxacademy.co.za
Redirect callback - URL: http://localhost:3001/auth/signin Base URL: http://localhost:3001
Session callback - Creating session for: student1@lynxacademy.co.za
 ⨯ ./components/courses/ModernCoursesPage.tsx
Error: 
  [31mx[0m Unexpected token `ModernLayout`. Expected jsx identifier
     ,-[[36;1;4m/Users/derahmanyelo/Documents/GitHub/EduLynx/packages/lynxlearn-lms/components/courses/ModernCoursesPage.tsx[0m:205:1]
 [2m205[0m |   };
 [2m206[0m | 
 [2m207[0m |   return (
 [2m208[0m |     <ModernLayout>
     : [31;1m     ^^^^^^^^^^^^[0m
 [2m209[0m |       <motion.div
 [2m210[0m |         variants={containerVariants}
 [2m211[0m |         initial="hidden"
     `----

Caused by:
    Syntax Error

Import trace for requested module:
./components/courses/ModernCoursesPage.tsx
./app/courses/page.tsx
 ○ Compiling /_error ...
 ⨯ ./components/courses/ModernCoursesPage.tsx
Error: 
  [31mx[0m Unexpected token `ModernLayout`. Expected jsx identifier
     ,-[[36;1;4m/Users/derahmanyelo/Documents/GitHub/EduLynx/packages/lynxlearn-lms/components/courses/ModernCoursesPage.tsx[0m:205:1]
 [2m205[0m |   };
 [2m206[0m | 
 [2m207[0m |   return (
 [2m208[0m |     <ModernLayout>
     : [31;1m     ^^^^^^^^^^^^[0m
 [2m209[0m |       <motion.div
 [2m210[0m |         variants={containerVariants}
 [2m211[0m |         initial="hidden"
     `----

Caused by:
    Syntax Error

Import trace for requested module:
./components/courses/ModernCoursesPage.tsx
./app/courses/page.tsx
 ⨯ ./components/courses/ModernCoursesPage.tsx
Error: 
  [31mx[0m Unexpected token `ModernLayout`. Expected jsx identifier
     ,-[[36;1;4m/Users/derahmanyelo/Documents/GitHub/EduLynx/packages/lynxlearn-lms/components/courses/ModernCoursesPage.tsx[0m:205:1]
 [2m205[0m |   };
 [2m206[0m | 
 [2m207[0m |   return (
 [2m208[0m |     <ModernLayout>
     : [31;1m     ^^^^^^^^^^^^[0m
 [2m209[0m |       <motion.div
 [2m210[0m |         variants={containerVariants}
 [2m211[0m |         initial="hidden"
     `----

Caused by:
    Syntax Error

Import trace for requested module:
./components/courses/ModernCoursesPage.tsx
./app/courses/page.tsx
 ⨯ ./components/courses/ModernCoursesPage.tsx
Error: 
  [31mx[0m Unexpected token `ModernLayout`. Expected jsx identifier
     ,-[[36;1;4m/Users/derahmanyelo/Documents/GitHub/EduLynx/packages/lynxlearn-lms/components/courses/ModernCoursesPage.tsx[0m:205:1]
 [2m205[0m |   };
 [2m206[0m | 
 [2m207[0m |   return (
 [2m208[0m |     <ModernLayout>
     : [31;1m     ^^^^^^^^^^^^[0m
 [2m209[0m |       <motion.div
 [2m210[0m |         variants={containerVariants}
 [2m211[0m |         initial="hidden"
     `----

Caused by:
    Syntax Error

Import trace for requested module:
./components/courses/ModernCoursesPage.tsx
./app/courses/page.tsx
 ⨯ ./components/courses/ModernCoursesPage.tsx
Error: Failed to read source code from /Users/derahmanyelo/Documents/GitHub/EduLynx/packages/lynxlearn-lms/components/courses/ModernCoursesPage.tsx

Caused by:
    No such file or directory (os error 2)

Import trace for requested module:
./components/courses/ModernCoursesPage.tsx
./app/courses/page.tsx
 ✓ Compiled /not-found in 2.1s (976 modules)
 ⚠ Fast Refresh had to perform a full reload. Read more: https://nextjs.org/docs/messages/fast-refresh-reload
 ⚠ Fast Refresh had to perform a full reload due to a runtime error.
 ⚠ Fast Refresh had to perform a full reload. Read more: https://nextjs.org/docs/messages/fast-refresh-reload
Warning: React.jsx: type is invalid -- expected a string (for built-in components) or a class/function (for composite components) but got: object. You likely forgot to export your component from the file it's defined in, or you might have mixed up default and named imports.

Check your code at page.tsx:6.
    at CoursesPage
    at StaticGenerationSearchParamsBailoutProvider (webpack-internal:///(ssr)/../../node_modules/.pnpm/next@14.0.0_@babel+core@7.27.4_react-dom@18.2.0_react@18.2.0__react@18.2.0/node_modules/next/dist/client/components/static-generation-searchparams-bailout-provider.js:15:11)
    at Lazy
    at InnerLayoutRouter (webpack-internal:///(ssr)/../../node_modules/.pnpm/next@14.0.0_@babel+core@7.27.4_react-dom@18.2.0_react@18.2.0__react@18.2.0/node_modules/next/dist/client/components/layout-router.js:240:11)
    at RedirectErrorBoundary (webpack-internal:///(ssr)/../../node_modules/.pnpm/next@14.0.0_@babel+core@7.27.4_react-dom@18.2.0_react@18.2.0__react@18.2.0/node_modules/next/dist/client/components/redirect-boundary.js:71:9)
    at RedirectBoundary (webpack-internal:///(ssr)/../../node_modules/.pnpm/next@14.0.0_@babel+core@7.27.4_react-dom@18.2.0_react@18.2.0__react@18.2.0/node_modules/next/dist/client/components/redirect-boundary.js:79:11)
    at NotFoundBoundary (webpack-internal:///(ssr)/../../node_modules/.pnpm/next@14.0.0_@babel+core@7.27.4_react-dom@18.2.0_react@18.2.0__react@18.2.0/node_modules/next/dist/client/components/not-found-boundary.js:62:11)
    at LoadingBoundary (webpack-internal:///(ssr)/../../node_modules/.pnpm/next@14.0.0_@babel+core@7.27.4_react-dom@18.2.0_react@18.2.0__react@18.2.0/node_modules/next/dist/client/components/layout-router.js:336:11)
    at ErrorBoundary (webpack-internal:///(ssr)/../../node_modules/.pnpm/next@14.0.0_@babel+core@7.27.4_react-dom@18.2.0_react@18.2.0__react@18.2.0/node_modules/next/dist/client/components/error-boundary.js:128:11)
    at InnerScrollAndFocusHandler (webpack-internal:///(ssr)/../../node_modules/.pnpm/next@14.0.0_@babel+core@7.27.4_react-dom@18.2.0_react@18.2.0__react@18.2.0/node_modules/next/dist/client/components/layout-router.js:152:9)
    at ScrollAndFocusHandler (webpack-internal:///(ssr)/../../node_modules/.pnpm/next@14.0.0_@babel+core@7.27.4_react-dom@18.2.0_react@18.2.0__react@18.2.0/node_modules/next/dist/client/components/layout-router.js:227:11)
    at RenderFromTemplateContext (webpack-internal:///(ssr)/../../node_modules/.pnpm/next@14.0.0_@babel+core@7.27.4_react-dom@18.2.0_react@18.2.0__react@18.2.0/node_modules/next/dist/client/components/render-from-template-context.js:15:44)
    at Lazy
    at OuterLayoutRouter (webpack-internal:///(ssr)/../../node_modules/.pnpm/next@14.0.0_@babel+core@7.27.4_react-dom@18.2.0_react@18.2.0__react@18.2.0/node_modules/next/dist/client/components/layout-router.js:345:11)
    at Lazy
    at InnerLayoutRouter (webpack-internal:///(ssr)/../../node_modules/.pnpm/next@14.0.0_@babel+core@7.27.4_react-dom@18.2.0_react@18.2.0__react@18.2.0/node_modules/next/dist/client/components/layout-router.js:240:11)
    at RedirectErrorBoundary (webpack-internal:///(ssr)/../../node_modules/.pnpm/next@14.0.0_@babel+core@7.27.4_react-dom@18.2.0_react@18.2.0__react@18.2.0/node_modules/next/dist/client/components/redirect-boundary.js:71:9)
    at RedirectBoundary (webpack-internal:///(ssr)/../../node_modules/.pnpm/next@14.0.0_@babel+core@7.27.4_react-dom@18.2.0_react@18.2.0__react@18.2.0/node_modules/next/dist/client/components/redirect-boundary.js:79:11)
    at NotFoundErrorBoundary (webpack-internal:///(ssr)/../../node_modules/.pnpm/next@14.0.0_@babel+core@7.27.4_react-dom@18.2.0_react@18.2.0__react@18.2.0/node_modules/next/dist/client/components/not-found-boundary.js:54:9)
    at NotFoundBoundary (webpack-internal:///(ssr)/../../node_modules/.pnpm/next@14.0.0_@babel+core@7.27.4_react-dom@18.2.0_react@18.2.0__react@18.2.0/node_modules/next/dist/client/components/not-found-boundary.js:62:11)
    at LoadingBoundary (webpack-internal:///(ssr)/../../node_modules/.pnpm/next@14.0.0_@babel+core@7.27.4_react-dom@18.2.0_react@18.2.0__react@18.2.0/node_modules/next/dist/client/components/layout-router.js:336:11)
    at ErrorBoundary (webpack-internal:///(ssr)/../../node_modules/.pnpm/next@14.0.0_@babel+core@7.27.4_react-dom@18.2.0_react@18.2.0__react@18.2.0/node_modules/next/dist/client/components/error-boundary.js:128:11)
    at InnerScrollAndFocusHandler (webpack-internal:///(ssr)/../../node_modules/.pnpm/next@14.0.0_@babel+core@7.27.4_react-dom@18.2.0_react@18.2.0__react@18.2.0/node_modules/next/dist/client/components/layout-router.js:152:9)
    at ScrollAndFocusHandler (webpack-internal:///(ssr)/../../node_modules/.pnpm/next@14.0.0_@babel+core@7.27.4_react-dom@18.2.0_react@18.2.0__react@18.2.0/node_modules/next/dist/client/components/layout-router.js:227:11)
    at RenderFromTemplateContext (webpack-internal:///(ssr)/../../node_modules/.pnpm/next@14.0.0_@babel+core@7.27.4_react-dom@18.2.0_react@18.2.0__react@18.2.0/node_modules/next/dist/client/components/render-from-template-context.js:15:44)
    at Lazy
    at OuterLayoutRouter (webpack-internal:///(ssr)/../../node_modules/.pnpm/next@14.0.0_@babel+core@7.27.4_react-dom@18.2.0_react@18.2.0__react@18.2.0/node_modules/next/dist/client/components/layout-router.js:345:11)
    at Lazy
    at main
    at div
    at div
    at ErrorBoundary (webpack-internal:///(ssr)/./components/error/ErrorBoundary.tsx:222:9)
    at ThemeProvider (webpack-internal:///(ssr)/./components/theme/theme-provider.tsx:13:26)
    at LayoutContent (webpack-internal:///(ssr)/./app/layout.tsx:37:26)
    at body
    at html
    at SessionProvider (webpack-internal:///(ssr)/../../node_modules/.pnpm/next-auth@4.24.11_next@14.0.0_@babel+core@7.27.4_react-dom@18.2.0_react@18.2.0__react@1_e2cd924e0925d5f7dad23222937f15c8/node_modules/next-auth/react/index.js:364:24)
    at Layout (webpack-internal:///(ssr)/./app/layout.tsx:442:19)
    at Lazy
    at RedirectErrorBoundary (webpack-internal:///(ssr)/../../node_modules/.pnpm/next@14.0.0_@babel+core@7.27.4_react-dom@18.2.0_react@18.2.0__react@18.2.0/node_modules/next/dist/client/components/redirect-boundary.js:71:9)
    at RedirectBoundary (webpack-internal:///(ssr)/../../node_modules/.pnpm/next@14.0.0_@babel+core@7.27.4_react-dom@18.2.0_react@18.2.0__react@18.2.0/node_modules/next/dist/client/components/redirect-boundary.js:79:11)
    at ReactDevOverlay (webpack-internal:///(ssr)/../../node_modules/.pnpm/next@14.0.0_@babel+core@7.27.4_react-dom@18.2.0_react@18.2.0__react@18.2.0/node_modules/next/dist/client/components/react-dev-overlay/internal/ReactDevOverlay.js:66:9)
    at HotReload (webpack-internal:///(ssr)/../../node_modules/.pnpm/next@14.0.0_@babel+core@7.27.4_react-dom@18.2.0_react@18.2.0__react@18.2.0/node_modules/next/dist/client/components/react-dev-overlay/hot-reloader-client.js:298:11)
    at Router (webpack-internal:///(ssr)/../../node_modules/.pnpm/next@14.0.0_@babel+core@7.27.4_react-dom@18.2.0_react@18.2.0__react@18.2.0/node_modules/next/dist/client/components/app-router.js:154:11)
    at ErrorBoundaryHandler (webpack-internal:///(ssr)/../../node_modules/.pnpm/next@14.0.0_@babel+core@7.27.4_react-dom@18.2.0_react@18.2.0__react@18.2.0/node_modules/next/dist/client/components/error-boundary.js:99:9)
    at ErrorBoundary (webpack-internal:///(ssr)/../../node_modules/.pnpm/next@14.0.0_@babel+core@7.27.4_react-dom@18.2.0_react@18.2.0__react@18.2.0/node_modules/next/dist/client/components/error-boundary.js:128:11)
    at AppRouter (webpack-internal:///(ssr)/../../node_modules/.pnpm/next@14.0.0_@babel+core@7.27.4_react-dom@18.2.0_react@18.2.0__react@18.2.0/node_modules/next/dist/client/components/app-router.js:426:13)
    at Lazy
    at Lazy
    at /Users/derahmanyelo/Documents/GitHub/EduLynx/node_modules/.pnpm/next@14.0.0_@babel+core@7.27.4_react-dom@18.2.0_react@18.2.0__react@18.2.0/node_modules/next/dist/compiled/next-server/app-page.runtime.dev.js:35:374733
    at /Users/derahmanyelo/Documents/GitHub/EduLynx/node_modules/.pnpm/next@14.0.0_@babel+core@7.27.4_react-dom@18.2.0_react@18.2.0__react@18.2.0/node_modules/next/dist/compiled/next-server/app-page.runtime.dev.js:35:374733
    at ServerInsertedHTMLProvider (/Users/derahmanyelo/Documents/GitHub/EduLynx/node_modules/.pnpm/next@14.0.0_@babel+core@7.27.4_react-dom@18.2.0_react@18.2.0__react@18.2.0/node_modules/next/dist/compiled/next-server/app-page.runtime.dev.js:38:23140)
 ⨯ Error: The default export is not a React Component in page: "/ai-tutor"
    at async Promise.all (index 0)
    at async Promise.all (index 0)
 ⨯ Error: The default export is not a React Component in page: "/ai-tutor"
    at async Promise.all (index 0)
    at async Promise.all (index 0)
digest: "2036993463"
 ⨯ Internal error: Error: Element type is invalid: expected a string (for built-in components) or a class/function (for composite components) but got: object. You likely forgot to export your component from the file it's defined in, or you might have mixed up default and named imports.
    at ap (/Users/derahmanyelo/Documents/GitHub/EduLynx/node_modules/.pnpm/next@14.0.0_@babel+core@7.27.4_react-dom@18.2.0_react@18.2.0__react@18.2.0/node_modules/next/dist/compiled/next-server/app-page.runtime.dev.js:35:42842)
    at e (/Users/derahmanyelo/Documents/GitHub/EduLynx/node_modules/.pnpm/next@14.0.0_@babel+core@7.27.4_react-dom@18.2.0_react@18.2.0__react@18.2.0/node_modules/next/dist/compiled/next-server/app-page.runtime.dev.js:35:45795)
    at ah (/Users/derahmanyelo/Documents/GitHub/EduLynx/node_modules/.pnpm/next@14.0.0_@babel+core@7.27.4_react-dom@18.2.0_react@18.2.0__react@18.2.0/node_modules/next/dist/compiled/next-server/app-page.runtime.dev.js:35:47773)
    at ac (/Users/derahmanyelo/Documents/GitHub/EduLynx/node_modules/.pnpm/next@14.0.0_@babel+core@7.27.4_react-dom@18.2.0_react@18.2.0__react@18.2.0/node_modules/next/dist/compiled/next-server/app-page.runtime.dev.js:35:7923)
    at /Users/derahmanyelo/Documents/GitHub/EduLynx/node_modules/.pnpm/next@14.0.0_@babel+core@7.27.4_react-dom@18.2.0_react@18.2.0__react@18.2.0/node_modules/next/dist/compiled/next-server/app-page.runtime.dev.js:35:13014
    at ap (/Users/derahmanyelo/Documents/GitHub/EduLynx/node_modules/.pnpm/next@14.0.0_@babel+core@7.27.4_react-dom@18.2.0_react@18.2.0__react@18.2.0/node_modules/next/dist/compiled/next-server/app-page.runtime.dev.js:35:13038)
    at e (/Users/derahmanyelo/Documents/GitHub/EduLynx/node_modules/.pnpm/next@14.0.0_@babel+core@7.27.4_react-dom@18.2.0_react@18.2.0__react@18.2.0/node_modules/next/dist/compiled/next-server/app-page.runtime.dev.js:35:45795)
    at ah (/Users/derahmanyelo/Documents/GitHub/EduLynx/node_modules/.pnpm/next@14.0.0_@babel+core@7.27.4_react-dom@18.2.0_react@18.2.0__react@18.2.0/node_modules/next/dist/compiled/next-server/app-page.runtime.dev.js:35:47773)
    at ac (/Users/derahmanyelo/Documents/GitHub/EduLynx/node_modules/.pnpm/next@14.0.0_@babel+core@7.27.4_react-dom@18.2.0_react@18.2.0__react@18.2.0/node_modules/next/dist/compiled/next-server/app-page.runtime.dev.js:35:7923)
    at /Users/derahmanyelo/Documents/GitHub/EduLynx/node_modules/.pnpm/next@14.0.0_@babel+core@7.27.4_react-dom@18.2.0_react@18.2.0__react@18.2.0/node_modules/next/dist/compiled/next-server/app-page.runtime.dev.js:35:13014
    at ap (/Users/derahmanyelo/Documents/GitHub/EduLynx/node_modules/.pnpm/next@14.0.0_@babel+core@7.27.4_react-dom@18.2.0_react@18.2.0__react@18.2.0/node_modules/next/dist/compiled/next-server/app-page.runtime.dev.js:35:13038)
    at ap (/Users/derahmanyelo/Documents/GitHub/EduLynx/node_modules/.pnpm/next@14.0.0_@babel+core@7.27.4_react-dom@18.2.0_react@18.2.0__react@18.2.0/node_modules/next/dist/compiled/next-server/app-page.runtime.dev.js:35:42585)
    at e (/Users/derahmanyelo/Documents/GitHub/EduLynx/node_modules/.pnpm/next@14.0.0_@babel+core@7.27.4_react-dom@18.2.0_react@18.2.0__react@18.2.0/node_modules/next/dist/compiled/next-server/app-page.runtime.dev.js:35:45795)
    at ah (/Users/derahmanyelo/Documents/GitHub/EduLynx/node_modules/.pnpm/next@14.0.0_@babel+core@7.27.4_react-dom@18.2.0_react@18.2.0__react@18.2.0/node_modules/next/dist/compiled/next-server/app-page.runtime.dev.js:35:47773)
    at am (/Users/derahmanyelo/Documents/GitHub/EduLynx/node_modules/.pnpm/next@14.0.0_@babel+core@7.27.4_react-dom@18.2.0_react@18.2.0__react@18.2.0/node_modules/next/dist/compiled/next-server/app-page.runtime.dev.js:35:49662)
    at ay (/Users/derahmanyelo/Documents/GitHub/EduLynx/node_modules/.pnpm/next@14.0.0_@babel+core@7.27.4_react-dom@18.2.0_react@18.2.0__react@18.2.0/node_modules/next/dist/compiled/next-server/app-page.runtime.dev.js:35:48903)
    at e (/Users/derahmanyelo/Documents/GitHub/EduLynx/node_modules/.pnpm/next@14.0.0_@babel+core@7.27.4_react-dom@18.2.0_react@18.2.0__react@18.2.0/node_modules/next/dist/compiled/next-server/app-page.runtime.dev.js:35:46144)
    at ah (/Users/derahmanyelo/Documents/GitHub/EduLynx/node_modules/.pnpm/next@14.0.0_@babel+core@7.27.4_react-dom@18.2.0_react@18.2.0__react@18.2.0/node_modules/next/dist/compiled/next-server/app-page.runtime.dev.js:35:47773)
    at ap (/Users/derahmanyelo/Documents/GitHub/EduLynx/node_modules/.pnpm/next@14.0.0_@babel+core@7.27.4_react-dom@18.2.0_react@18.2.0__react@18.2.0/node_modules/next/dist/compiled/next-server/app-page.runtime.dev.js:35:41224)
    at e (/Users/derahmanyelo/Documents/GitHub/EduLynx/node_modules/.pnpm/next@14.0.0_@babel+core@7.27.4_react-dom@18.2.0_react@18.2.0__react@18.2.0/node_modules/next/dist/compiled/next-server/app-page.runtime.dev.js:35:45795)
    at ah (/Users/derahmanyelo/Documents/GitHub/EduLynx/node_modules/.pnpm/next@14.0.0_@babel+core@7.27.4_react-dom@18.2.0_react@18.2.0__react@18.2.0/node_modules/next/dist/compiled/next-server/app-page.runtime.dev.js:35:47773)
    at ac (/Users/derahmanyelo/Documents/GitHub/EduLynx/node_modules/.pnpm/next@14.0.0_@babel+core@7.27.4_react-dom@18.2.0_react@18.2.0__react@18.2.0/node_modules/next/dist/compiled/next-server/app-page.runtime.dev.js:35:7923)
    at /Users/derahmanyelo/Documents/GitHub/EduLynx/node_modules/.pnpm/next@14.0.0_@babel+core@7.27.4_react-dom@18.2.0_react@18.2.0__react@18.2.0/node_modules/next/dist/compiled/next-server/app-page.runtime.dev.js:35:13014
    at ap (/Users/derahmanyelo/Documents/GitHub/EduLynx/node_modules/.pnpm/next@14.0.0_@babel+core@7.27.4_react-dom@18.2.0_react@18.2.0__react@18.2.0/node_modules/next/dist/compiled/next-server/app-page.runtime.dev.js:35:13038)
    at e (/Users/derahmanyelo/Documents/GitHub/EduLynx/node_modules/.pnpm/next@14.0.0_@babel+core@7.27.4_react-dom@18.2.0_react@18.2.0__react@18.2.0/node_modules/next/dist/compiled/next-server/app-page.runtime.dev.js:35:45795)
    at ah (/Users/derahmanyelo/Documents/GitHub/EduLynx/node_modules/.pnpm/next@14.0.0_@babel+core@7.27.4_react-dom@18.2.0_react@18.2.0__react@18.2.0/node_modules/next/dist/compiled/next-server/app-page.runtime.dev.js:35:47773)
    at ae (/Users/derahmanyelo/Documents/GitHub/EduLynx/node_modules/.pnpm/next@14.0.0_@babel+core@7.27.4_react-dom@18.2.0_react@18.2.0__react@18.2.0/node_modules/next/dist/compiled/next-server/app-page.runtime.dev.js:35:7504)
    at ap (/Users/derahmanyelo/Documents/GitHub/EduLynx/node_modules/.pnpm/next@14.0.0_@babel+core@7.27.4_react-dom@18.2.0_react@18.2.0__react@18.2.0/node_modules/next/dist/compiled/next-server/app-page.runtime.dev.js:35:10920)
    at e (/Users/derahmanyelo/Documents/GitHub/EduLynx/node_modules/.pnpm/next@14.0.0_@babel+core@7.27.4_react-dom@18.2.0_react@18.2.0__react@18.2.0/node_modules/next/dist/compiled/next-server/app-page.runtime.dev.js:35:45795)
    at ah (/Users/derahmanyelo/Documents/GitHub/EduLynx/node_modules/.pnpm/next@14.0.0_@babel+core@7.27.4_react-dom@18.2.0_react@18.2.0__react@18.2.0/node_modules/next/dist/compiled/next-server/app-page.runtime.dev.js:35:47773)
    at ac (/Users/derahmanyelo/Documents/GitHub/EduLynx/node_modules/.pnpm/next@14.0.0_@babel+core@7.27.4_react-dom@18.2.0_react@18.2.0__react@18.2.0/node_modules/next/dist/compiled/next-server/app-page.runtime.dev.js:35:7923)
    at /Users/derahmanyelo/Documents/GitHub/EduLynx/node_modules/.pnpm/next@14.0.0_@babel+core@7.27.4_react-dom@18.2.0_react@18.2.0__react@18.2.0/node_modules/next/dist/compiled/next-server/app-page.runtime.dev.js:35:13014
    at ap (/Users/derahmanyelo/Documents/GitHub/EduLynx/node_modules/.pnpm/next@14.0.0_@babel+core@7.27.4_react-dom@18.2.0_react@18.2.0__react@18.2.0/node_modules/next/dist/compiled/next-server/app-page.runtime.dev.js:35:13038)
    at e (/Users/derahmanyelo/Documents/GitHub/EduLynx/node_modules/.pnpm/next@14.0.0_@babel+core@7.27.4_react-dom@18.2.0_react@18.2.0__react@18.2.0/node_modules/next/dist/compiled/next-server/app-page.runtime.dev.js:35:45795)
    at ah (/Users/derahmanyelo/Documents/GitHub/EduLynx/node_modules/.pnpm/next@14.0.0_@babel+core@7.27.4_react-dom@18.2.0_react@18.2.0__react@18.2.0/node_modules/next/dist/compiled/next-server/app-page.runtime.dev.js:35:47773)
    at ap (/Users/derahmanyelo/Documents/GitHub/EduLynx/node_modules/.pnpm/next@14.0.0_@babel+core@7.27.4_react-dom@18.2.0_react@18.2.0__react@18.2.0/node_modules/next/dist/compiled/next-server/app-page.runtime.dev.js:35:39008)
    at e (/Users/derahmanyelo/Documents/GitHub/EduLynx/node_modules/.pnpm/next@14.0.0_@babel+core@7.27.4_react-dom@18.2.0_react@18.2.0__react@18.2.0/node_modules/next/dist/compiled/next-server/app-page.runtime.dev.js:35:45795)
    at ah (/Users/derahmanyelo/Documents/GitHub/EduLynx/node_modules/.pnpm/next@14.0.0_@babel+core@7.27.4_react-dom@18.2.0_react@18.2.0__react@18.2.0/node_modules/next/dist/compiled/next-server/app-page.runtime.dev.js:35:47773)
    at ac (/Users/derahmanyelo/Documents/GitHub/EduLynx/node_modules/.pnpm/next@14.0.0_@babel+core@7.27.4_react-dom@18.2.0_react@18.2.0__react@18.2.0/node_modules/next/dist/compiled/next-server/app-page.runtime.dev.js:35:7923)
    at /Users/derahmanyelo/Documents/GitHub/EduLynx/node_modules/.pnpm/next@14.0.0_@babel+core@7.27.4_react-dom@18.2.0_react@18.2.0__react@18.2.0/node_modules/next/dist/compiled/next-server/app-page.runtime.dev.js:35:13014
    at ap (/Users/derahmanyelo/Documents/GitHub/EduLynx/node_modules/.pnpm/next@14.0.0_@babel+core@7.27.4_react-dom@18.2.0_react@18.2.0__react@18.2.0/node_modules/next/dist/compiled/next-server/app-page.runtime.dev.js:35:13038)
    at e (/Users/derahmanyelo/Documents/GitHub/EduLynx/node_modules/.pnpm/next@14.0.0_@babel+core@7.27.4_react-dom@18.2.0_react@18.2.0__react@18.2.0/node_modules/next/dist/compiled/next-server/app-page.runtime.dev.js:35:45795)
    at ah (/Users/derahmanyelo/Documents/GitHub/EduLynx/node_modules/.pnpm/next@14.0.0_@babel+core@7.27.4_react-dom@18.2.0_react@18.2.0__react@18.2.0/node_modules/next/dist/compiled/next-server/app-page.runtime.dev.js:35:47773)
    at ap (/Users/derahmanyelo/Documents/GitHub/EduLynx/node_modules/.pnpm/next@14.0.0_@babel+core@7.27.4_react-dom@18.2.0_react@18.2.0__react@18.2.0/node_modules/next/dist/compiled/next-server/app-page.runtime.dev.js:35:39008)
    at e (/Users/derahmanyelo/Documents/GitHub/EduLynx/node_modules/.pnpm/next@14.0.0_@babel+core@7.27.4_react-dom@18.2.0_react@18.2.0__react@18.2.0/node_modules/next/dist/compiled/next-server/app-page.runtime.dev.js:35:45795)
    at ah (/Users/derahmanyelo/Documents/GitHub/EduLynx/node_modules/.pnpm/next@14.0.0_@babel+core@7.27.4_react-dom@18.2.0_react@18.2.0__react@18.2.0/node_modules/next/dist/compiled/next-server/app-page.runtime.dev.js:35:47773)
    at ac (/Users/derahmanyelo/Documents/GitHub/EduLynx/node_modules/.pnpm/next@14.0.0_@babel+core@7.27.4_react-dom@18.2.0_react@18.2.0__react@18.2.0/node_modules/next/dist/compiled/next-server/app-page.runtime.dev.js:35:7923)
    at /Users/derahmanyelo/Documents/GitHub/EduLynx/node_modules/.pnpm/next@14.0.0_@babel+core@7.27.4_react-dom@18.2.0_react@18.2.0__react@18.2.0/node_modules/next/dist/compiled/next-server/app-page.runtime.dev.js:35:13014
    at ap (/Users/derahmanyelo/Documents/GitHub/EduLynx/node_modules/.pnpm/next@14.0.0_@babel+core@7.27.4_react-dom@18.2.0_react@18.2.0__react@18.2.0/node_modules/next/dist/compiled/next-server/app-page.runtime.dev.js:35:13038)
    at e (/Users/derahmanyelo/Documents/GitHub/EduLynx/node_modules/.pnpm/next@14.0.0_@babel+core@7.27.4_react-dom@18.2.0_react@18.2.0__react@18.2.0/node_modules/next/dist/compiled/next-server/app-page.runtime.dev.js:35:45795)
Warning: React.jsx: type is invalid -- expected a string (for built-in components) or a class/function (for composite components) but got: object. You likely forgot to export your component from the file it's defined in, or you might have mixed up default and named imports.

Check your code at page.tsx:6.
    at CoursesPage
    at StaticGenerationSearchParamsBailoutProvider (webpack-internal:///(ssr)/../../node_modules/.pnpm/next@14.0.0_@babel+core@7.27.4_react-dom@18.2.0_react@18.2.0__react@18.2.0/node_modules/next/dist/client/components/static-generation-searchparams-bailout-provider.js:15:11)
    at Lazy
    at InnerLayoutRouter (webpack-internal:///(ssr)/../../node_modules/.pnpm/next@14.0.0_@babel+core@7.27.4_react-dom@18.2.0_react@18.2.0__react@18.2.0/node_modules/next/dist/client/components/layout-router.js:240:11)
    at RedirectErrorBoundary (webpack-internal:///(ssr)/../../node_modules/.pnpm/next@14.0.0_@babel+core@7.27.4_react-dom@18.2.0_react@18.2.0__react@18.2.0/node_modules/next/dist/client/components/redirect-boundary.js:71:9)
    at RedirectBoundary (webpack-internal:///(ssr)/../../node_modules/.pnpm/next@14.0.0_@babel+core@7.27.4_react-dom@18.2.0_react@18.2.0__react@18.2.0/node_modules/next/dist/client/components/redirect-boundary.js:79:11)
    at NotFoundBoundary (webpack-internal:///(ssr)/../../node_modules/.pnpm/next@14.0.0_@babel+core@7.27.4_react-dom@18.2.0_react@18.2.0__react@18.2.0/node_modules/next/dist/client/components/not-found-boundary.js:62:11)
    at LoadingBoundary (webpack-internal:///(ssr)/../../node_modules/.pnpm/next@14.0.0_@babel+core@7.27.4_react-dom@18.2.0_react@18.2.0__react@18.2.0/node_modules/next/dist/client/components/layout-router.js:336:11)
    at ErrorBoundary (webpack-internal:///(ssr)/../../node_modules/.pnpm/next@14.0.0_@babel+core@7.27.4_react-dom@18.2.0_react@18.2.0__react@18.2.0/node_modules/next/dist/client/components/error-boundary.js:128:11)
    at InnerScrollAndFocusHandler (webpack-internal:///(ssr)/../../node_modules/.pnpm/next@14.0.0_@babel+core@7.27.4_react-dom@18.2.0_react@18.2.0__react@18.2.0/node_modules/next/dist/client/components/layout-router.js:152:9)
    at ScrollAndFocusHandler (webpack-internal:///(ssr)/../../node_modules/.pnpm/next@14.0.0_@babel+core@7.27.4_react-dom@18.2.0_react@18.2.0__react@18.2.0/node_modules/next/dist/client/components/layout-router.js:227:11)
    at RenderFromTemplateContext (webpack-internal:///(ssr)/../../node_modules/.pnpm/next@14.0.0_@babel+core@7.27.4_react-dom@18.2.0_react@18.2.0__react@18.2.0/node_modules/next/dist/client/components/render-from-template-context.js:15:44)
    at Lazy
    at OuterLayoutRouter (webpack-internal:///(ssr)/../../node_modules/.pnpm/next@14.0.0_@babel+core@7.27.4_react-dom@18.2.0_react@18.2.0__react@18.2.0/node_modules/next/dist/client/components/layout-router.js:345:11)
    at Lazy
    at InnerLayoutRouter (webpack-internal:///(ssr)/../../node_modules/.pnpm/next@14.0.0_@babel+core@7.27.4_react-dom@18.2.0_react@18.2.0__react@18.2.0/node_modules/next/dist/client/components/layout-router.js:240:11)
    at RedirectErrorBoundary (webpack-internal:///(ssr)/../../node_modules/.pnpm/next@14.0.0_@babel+core@7.27.4_react-dom@18.2.0_react@18.2.0__react@18.2.0/node_modules/next/dist/client/components/redirect-boundary.js:71:9)
    at RedirectBoundary (webpack-internal:///(ssr)/../../node_modules/.pnpm/next@14.0.0_@babel+core@7.27.4_react-dom@18.2.0_react@18.2.0__react@18.2.0/node_modules/next/dist/client/components/redirect-boundary.js:79:11)
    at NotFoundErrorBoundary (webpack-internal:///(ssr)/../../node_modules/.pnpm/next@14.0.0_@babel+core@7.27.4_react-dom@18.2.0_react@18.2.0__react@18.2.0/node_modules/next/dist/client/components/not-found-boundary.js:54:9)
    at NotFoundBoundary (webpack-internal:///(ssr)/../../node_modules/.pnpm/next@14.0.0_@babel+core@7.27.4_react-dom@18.2.0_react@18.2.0__react@18.2.0/node_modules/next/dist/client/components/not-found-boundary.js:62:11)
    at LoadingBoundary (webpack-internal:///(ssr)/../../node_modules/.pnpm/next@14.0.0_@babel+core@7.27.4_react-dom@18.2.0_react@18.2.0__react@18.2.0/node_modules/next/dist/client/components/layout-router.js:336:11)
    at ErrorBoundary (webpack-internal:///(ssr)/../../node_modules/.pnpm/next@14.0.0_@babel+core@7.27.4_react-dom@18.2.0_react@18.2.0__react@18.2.0/node_modules/next/dist/client/components/error-boundary.js:128:11)
    at InnerScrollAndFocusHandler (webpack-internal:///(ssr)/../../node_modules/.pnpm/next@14.0.0_@babel+core@7.27.4_react-dom@18.2.0_react@18.2.0__react@18.2.0/node_modules/next/dist/client/components/layout-router.js:152:9)
    at ScrollAndFocusHandler (webpack-internal:///(ssr)/../../node_modules/.pnpm/next@14.0.0_@babel+core@7.27.4_react-dom@18.2.0_react@18.2.0__react@18.2.0/node_modules/next/dist/client/components/layout-router.js:227:11)
    at RenderFromTemplateContext (webpack-internal:///(ssr)/../../node_modules/.pnpm/next@14.0.0_@babel+core@7.27.4_react-dom@18.2.0_react@18.2.0__react@18.2.0/node_modules/next/dist/client/components/render-from-template-context.js:15:44)
    at Lazy
    at OuterLayoutRouter (webpack-internal:///(ssr)/../../node_modules/.pnpm/next@14.0.0_@babel+core@7.27.4_react-dom@18.2.0_react@18.2.0__react@18.2.0/node_modules/next/dist/client/components/layout-router.js:345:11)
    at Lazy
    at main
    at div
    at div
    at ErrorBoundary (webpack-internal:///(ssr)/./components/error/ErrorBoundary.tsx:222:9)
    at ThemeProvider (webpack-internal:///(ssr)/./components/theme/theme-provider.tsx:13:26)
    at LayoutContent (webpack-internal:///(ssr)/./app/layout.tsx:37:26)
    at body
    at html
    at SessionProvider (webpack-internal:///(ssr)/../../node_modules/.pnpm/next-auth@4.24.11_next@14.0.0_@babel+core@7.27.4_react-dom@18.2.0_react@18.2.0__react@1_e2cd924e0925d5f7dad23222937f15c8/node_modules/next-auth/react/index.js:364:24)
    at Layout (webpack-internal:///(ssr)/./app/layout.tsx:442:19)
    at Lazy
    at RedirectErrorBoundary (webpack-internal:///(ssr)/../../node_modules/.pnpm/next@14.0.0_@babel+core@7.27.4_react-dom@18.2.0_react@18.2.0__react@18.2.0/node_modules/next/dist/client/components/redirect-boundary.js:71:9)
    at RedirectBoundary (webpack-internal:///(ssr)/../../node_modules/.pnpm/next@14.0.0_@babel+core@7.27.4_react-dom@18.2.0_react@18.2.0__react@18.2.0/node_modules/next/dist/client/components/redirect-boundary.js:79:11)
    at ReactDevOverlay (webpack-internal:///(ssr)/../../node_modules/.pnpm/next@14.0.0_@babel+core@7.27.4_react-dom@18.2.0_react@18.2.0__react@18.2.0/node_modules/next/dist/client/components/react-dev-overlay/internal/ReactDevOverlay.js:66:9)
    at HotReload (webpack-internal:///(ssr)/../../node_modules/.pnpm/next@14.0.0_@babel+core@7.27.4_react-dom@18.2.0_react@18.2.0__react@18.2.0/node_modules/next/dist/client/components/react-dev-overlay/hot-reloader-client.js:298:11)
    at Router (webpack-internal:///(ssr)/../../node_modules/.pnpm/next@14.0.0_@babel+core@7.27.4_react-dom@18.2.0_react@18.2.0__react@18.2.0/node_modules/next/dist/client/components/app-router.js:154:11)
    at ErrorBoundaryHandler (webpack-internal:///(ssr)/../../node_modules/.pnpm/next@14.0.0_@babel+core@7.27.4_react-dom@18.2.0_react@18.2.0__react@18.2.0/node_modules/next/dist/client/components/error-boundary.js:99:9)
    at ErrorBoundary (webpack-internal:///(ssr)/../../node_modules/.pnpm/next@14.0.0_@babel+core@7.27.4_react-dom@18.2.0_react@18.2.0__react@18.2.0/node_modules/next/dist/client/components/error-boundary.js:128:11)
    at AppRouter (webpack-internal:///(ssr)/../../node_modules/.pnpm/next@14.0.0_@babel+core@7.27.4_react-dom@18.2.0_react@18.2.0__react@18.2.0/node_modules/next/dist/client/components/app-router.js:426:13)
    at Lazy
    at Lazy
    at /Users/derahmanyelo/Documents/GitHub/EduLynx/node_modules/.pnpm/next@14.0.0_@babel+core@7.27.4_react-dom@18.2.0_react@18.2.0__react@18.2.0/node_modules/next/dist/compiled/next-server/app-page.runtime.dev.js:35:374733
    at /Users/derahmanyelo/Documents/GitHub/EduLynx/node_modules/.pnpm/next@14.0.0_@babel+core@7.27.4_react-dom@18.2.0_react@18.2.0__react@18.2.0/node_modules/next/dist/compiled/next-server/app-page.runtime.dev.js:35:374733
    at ServerInsertedHTMLProvider (/Users/derahmanyelo/Documents/GitHub/EduLynx/node_modules/.pnpm/next@14.0.0_@babel+core@7.27.4_react-dom@18.2.0_react@18.2.0__react@18.2.0/node_modules/next/dist/compiled/next-server/app-page.runtime.dev.js:38:23140)
 ⨯ Internal error: Error: Element type is invalid: expected a string (for built-in components) or a class/function (for composite components) but got: object. You likely forgot to export your component from the file it's defined in, or you might have mixed up default and named imports.
    at ap (/Users/derahmanyelo/Documents/GitHub/EduLynx/node_modules/.pnpm/next@14.0.0_@babel+core@7.27.4_react-dom@18.2.0_react@18.2.0__react@18.2.0/node_modules/next/dist/compiled/next-server/app-page.runtime.dev.js:35:42842)
    at e (/Users/derahmanyelo/Documents/GitHub/EduLynx/node_modules/.pnpm/next@14.0.0_@babel+core@7.27.4_react-dom@18.2.0_react@18.2.0__react@18.2.0/node_modules/next/dist/compiled/next-server/app-page.runtime.dev.js:35:45795)
    at ah (/Users/derahmanyelo/Documents/GitHub/EduLynx/node_modules/.pnpm/next@14.0.0_@babel+core@7.27.4_react-dom@18.2.0_react@18.2.0__react@18.2.0/node_modules/next/dist/compiled/next-server/app-page.runtime.dev.js:35:47773)
    at ac (/Users/derahmanyelo/Documents/GitHub/EduLynx/node_modules/.pnpm/next@14.0.0_@babel+core@7.27.4_react-dom@18.2.0_react@18.2.0__react@18.2.0/node_modules/next/dist/compiled/next-server/app-page.runtime.dev.js:35:7923)
    at /Users/derahmanyelo/Documents/GitHub/EduLynx/node_modules/.pnpm/next@14.0.0_@babel+core@7.27.4_react-dom@18.2.0_react@18.2.0__react@18.2.0/node_modules/next/dist/compiled/next-server/app-page.runtime.dev.js:35:13014
    at ap (/Users/derahmanyelo/Documents/GitHub/EduLynx/node_modules/.pnpm/next@14.0.0_@babel+core@7.27.4_react-dom@18.2.0_react@18.2.0__react@18.2.0/node_modules/next/dist/compiled/next-server/app-page.runtime.dev.js:35:13038)
    at e (/Users/derahmanyelo/Documents/GitHub/EduLynx/node_modules/.pnpm/next@14.0.0_@babel+core@7.27.4_react-dom@18.2.0_react@18.2.0__react@18.2.0/node_modules/next/dist/compiled/next-server/app-page.runtime.dev.js:35:45795)
    at ah (/Users/derahmanyelo/Documents/GitHub/EduLynx/node_modules/.pnpm/next@14.0.0_@babel+core@7.27.4_react-dom@18.2.0_react@18.2.0__react@18.2.0/node_modules/next/dist/compiled/next-server/app-page.runtime.dev.js:35:47773)
    at ac (/Users/derahmanyelo/Documents/GitHub/EduLynx/node_modules/.pnpm/next@14.0.0_@babel+core@7.27.4_react-dom@18.2.0_react@18.2.0__react@18.2.0/node_modules/next/dist/compiled/next-server/app-page.runtime.dev.js:35:7923)
    at /Users/derahmanyelo/Documents/GitHub/EduLynx/node_modules/.pnpm/next@14.0.0_@babel+core@7.27.4_react-dom@18.2.0_react@18.2.0__react@18.2.0/node_modules/next/dist/compiled/next-server/app-page.runtime.dev.js:35:13014
    at ap (/Users/derahmanyelo/Documents/GitHub/EduLynx/node_modules/.pnpm/next@14.0.0_@babel+core@7.27.4_react-dom@18.2.0_react@18.2.0__react@18.2.0/node_modules/next/dist/compiled/next-server/app-page.runtime.dev.js:35:13038)
    at ap (/Users/derahmanyelo/Documents/GitHub/EduLynx/node_modules/.pnpm/next@14.0.0_@babel+core@7.27.4_react-dom@18.2.0_react@18.2.0__react@18.2.0/node_modules/next/dist/compiled/next-server/app-page.runtime.dev.js:35:42585)
    at e (/Users/derahmanyelo/Documents/GitHub/EduLynx/node_modules/.pnpm/next@14.0.0_@babel+core@7.27.4_react-dom@18.2.0_react@18.2.0__react@18.2.0/node_modules/next/dist/compiled/next-server/app-page.runtime.dev.js:35:45795)
    at ah (/Users/derahmanyelo/Documents/GitHub/EduLynx/node_modules/.pnpm/next@14.0.0_@babel+core@7.27.4_react-dom@18.2.0_react@18.2.0__react@18.2.0/node_modules/next/dist/compiled/next-server/app-page.runtime.dev.js:35:47773)
    at am (/Users/derahmanyelo/Documents/GitHub/EduLynx/node_modules/.pnpm/next@14.0.0_@babel+core@7.27.4_react-dom@18.2.0_react@18.2.0__react@18.2.0/node_modules/next/dist/compiled/next-server/app-page.runtime.dev.js:35:49662)
    at ay (/Users/derahmanyelo/Documents/GitHub/EduLynx/node_modules/.pnpm/next@14.0.0_@babel+core@7.27.4_react-dom@18.2.0_react@18.2.0__react@18.2.0/node_modules/next/dist/compiled/next-server/app-page.runtime.dev.js:35:48903)
    at e (/Users/derahmanyelo/Documents/GitHub/EduLynx/node_modules/.pnpm/next@14.0.0_@babel+core@7.27.4_react-dom@18.2.0_react@18.2.0__react@18.2.0/node_modules/next/dist/compiled/next-server/app-page.runtime.dev.js:35:46144)
    at ah (/Users/derahmanyelo/Documents/GitHub/EduLynx/node_modules/.pnpm/next@14.0.0_@babel+core@7.27.4_react-dom@18.2.0_react@18.2.0__react@18.2.0/node_modules/next/dist/compiled/next-server/app-page.runtime.dev.js:35:47773)
    at ap (/Users/derahmanyelo/Documents/GitHub/EduLynx/node_modules/.pnpm/next@14.0.0_@babel+core@7.27.4_react-dom@18.2.0_react@18.2.0__react@18.2.0/node_modules/next/dist/compiled/next-server/app-page.runtime.dev.js:35:41224)
    at e (/Users/derahmanyelo/Documents/GitHub/EduLynx/node_modules/.pnpm/next@14.0.0_@babel+core@7.27.4_react-dom@18.2.0_react@18.2.0__react@18.2.0/node_modules/next/dist/compiled/next-server/app-page.runtime.dev.js:35:45795)
    at ah (/Users/derahmanyelo/Documents/GitHub/EduLynx/node_modules/.pnpm/next@14.0.0_@babel+core@7.27.4_react-dom@18.2.0_react@18.2.0__react@18.2.0/node_modules/next/dist/compiled/next-server/app-page.runtime.dev.js:35:47773)
    at ac (/Users/derahmanyelo/Documents/GitHub/EduLynx/node_modules/.pnpm/next@14.0.0_@babel+core@7.27.4_react-dom@18.2.0_react@18.2.0__react@18.2.0/node_modules/next/dist/compiled/next-server/app-page.runtime.dev.js:35:7923)
    at /Users/derahmanyelo/Documents/GitHub/EduLynx/node_modules/.pnpm/next@14.0.0_@babel+core@7.27.4_react-dom@18.2.0_react@18.2.0__react@18.2.0/node_modules/next/dist/compiled/next-server/app-page.runtime.dev.js:35:13014
    at ap (/Users/derahmanyelo/Documents/GitHub/EduLynx/node_modules/.pnpm/next@14.0.0_@babel+core@7.27.4_react-dom@18.2.0_react@18.2.0__react@18.2.0/node_modules/next/dist/compiled/next-server/app-page.runtime.dev.js:35:13038)
    at e (/Users/derahmanyelo/Documents/GitHub/EduLynx/node_modules/.pnpm/next@14.0.0_@babel+core@7.27.4_react-dom@18.2.0_react@18.2.0__react@18.2.0/node_modules/next/dist/compiled/next-server/app-page.runtime.dev.js:35:45795)
    at ah (/Users/derahmanyelo/Documents/GitHub/EduLynx/node_modules/.pnpm/next@14.0.0_@babel+core@7.27.4_react-dom@18.2.0_react@18.2.0__react@18.2.0/node_modules/next/dist/compiled/next-server/app-page.runtime.dev.js:35:47773)
    at ae (/Users/derahmanyelo/Documents/GitHub/EduLynx/node_modules/.pnpm/next@14.0.0_@babel+core@7.27.4_react-dom@18.2.0_react@18.2.0__react@18.2.0/node_modules/next/dist/compiled/next-server/app-page.runtime.dev.js:35:7504)
    at ap (/Users/derahmanyelo/Documents/GitHub/EduLynx/node_modules/.pnpm/next@14.0.0_@babel+core@7.27.4_react-dom@18.2.0_react@18.2.0__react@18.2.0/node_modules/next/dist/compiled/next-server/app-page.runtime.dev.js:35:10920)
    at e (/Users/derahmanyelo/Documents/GitHub/EduLynx/node_modules/.pnpm/next@14.0.0_@babel+core@7.27.4_react-dom@18.2.0_react@18.2.0__react@18.2.0/node_modules/next/dist/compiled/next-server/app-page.runtime.dev.js:35:45795)
    at ah (/Users/derahmanyelo/Documents/GitHub/EduLynx/node_modules/.pnpm/next@14.0.0_@babel+core@7.27.4_react-dom@18.2.0_react@18.2.0__react@18.2.0/node_modules/next/dist/compiled/next-server/app-page.runtime.dev.js:35:47773)
    at ac (/Users/derahmanyelo/Documents/GitHub/EduLynx/node_modules/.pnpm/next@14.0.0_@babel+core@7.27.4_react-dom@18.2.0_react@18.2.0__react@18.2.0/node_modules/next/dist/compiled/next-server/app-page.runtime.dev.js:35:7923)
    at /Users/derahmanyelo/Documents/GitHub/EduLynx/node_modules/.pnpm/next@14.0.0_@babel+core@7.27.4_react-dom@18.2.0_react@18.2.0__react@18.2.0/node_modules/next/dist/compiled/next-server/app-page.runtime.dev.js:35:13014
    at ap (/Users/derahmanyelo/Documents/GitHub/EduLynx/node_modules/.pnpm/next@14.0.0_@babel+core@7.27.4_react-dom@18.2.0_react@18.2.0__react@18.2.0/node_modules/next/dist/compiled/next-server/app-page.runtime.dev.js:35:13038)
    at e (/Users/derahmanyelo/Documents/GitHub/EduLynx/node_modules/.pnpm/next@14.0.0_@babel+core@7.27.4_react-dom@18.2.0_react@18.2.0__react@18.2.0/node_modules/next/dist/compiled/next-server/app-page.runtime.dev.js:35:45795)
    at ah (/Users/derahmanyelo/Documents/GitHub/EduLynx/node_modules/.pnpm/next@14.0.0_@babel+core@7.27.4_react-dom@18.2.0_react@18.2.0__react@18.2.0/node_modules/next/dist/compiled/next-server/app-page.runtime.dev.js:35:47773)
    at ap (/Users/derahmanyelo/Documents/GitHub/EduLynx/node_modules/.pnpm/next@14.0.0_@babel+core@7.27.4_react-dom@18.2.0_react@18.2.0__react@18.2.0/node_modules/next/dist/compiled/next-server/app-page.runtime.dev.js:35:39008)
    at e (/Users/derahmanyelo/Documents/GitHub/EduLynx/node_modules/.pnpm/next@14.0.0_@babel+core@7.27.4_react-dom@18.2.0_react@18.2.0__react@18.2.0/node_modules/next/dist/compiled/next-server/app-page.runtime.dev.js:35:45795)
    at ah (/Users/derahmanyelo/Documents/GitHub/EduLynx/node_modules/.pnpm/next@14.0.0_@babel+core@7.27.4_react-dom@18.2.0_react@18.2.0__react@18.2.0/node_modules/next/dist/compiled/next-server/app-page.runtime.dev.js:35:47773)
    at ac (/Users/derahmanyelo/Documents/GitHub/EduLynx/node_modules/.pnpm/next@14.0.0_@babel+core@7.27.4_react-dom@18.2.0_react@18.2.0__react@18.2.0/node_modules/next/dist/compiled/next-server/app-page.runtime.dev.js:35:7923)
    at /Users/derahmanyelo/Documents/GitHub/EduLynx/node_modules/.pnpm/next@14.0.0_@babel+core@7.27.4_react-dom@18.2.0_react@18.2.0__react@18.2.0/node_modules/next/dist/compiled/next-server/app-page.runtime.dev.js:35:13014
    at ap (/Users/derahmanyelo/Documents/GitHub/EduLynx/node_modules/.pnpm/next@14.0.0_@babel+core@7.27.4_react-dom@18.2.0_react@18.2.0__react@18.2.0/node_modules/next/dist/compiled/next-server/app-page.runtime.dev.js:35:13038)
    at e (/Users/derahmanyelo/Documents/GitHub/EduLynx/node_modules/.pnpm/next@14.0.0_@babel+core@7.27.4_react-dom@18.2.0_react@18.2.0__react@18.2.0/node_modules/next/dist/compiled/next-server/app-page.runtime.dev.js:35:45795)
    at ah (/Users/derahmanyelo/Documents/GitHub/EduLynx/node_modules/.pnpm/next@14.0.0_@babel+core@7.27.4_react-dom@18.2.0_react@18.2.0__react@18.2.0/node_modules/next/dist/compiled/next-server/app-page.runtime.dev.js:35:47773)
    at ap (/Users/derahmanyelo/Documents/GitHub/EduLynx/node_modules/.pnpm/next@14.0.0_@babel+core@7.27.4_react-dom@18.2.0_react@18.2.0__react@18.2.0/node_modules/next/dist/compiled/next-server/app-page.runtime.dev.js:35:39008)
    at e (/Users/derahmanyelo/Documents/GitHub/EduLynx/node_modules/.pnpm/next@14.0.0_@babel+core@7.27.4_react-dom@18.2.0_react@18.2.0__react@18.2.0/node_modules/next/dist/compiled/next-server/app-page.runtime.dev.js:35:45795)
    at ah (/Users/derahmanyelo/Documents/GitHub/EduLynx/node_modules/.pnpm/next@14.0.0_@babel+core@7.27.4_react-dom@18.2.0_react@18.2.0__react@18.2.0/node_modules/next/dist/compiled/next-server/app-page.runtime.dev.js:35:47773)
    at ac (/Users/derahmanyelo/Documents/GitHub/EduLynx/node_modules/.pnpm/next@14.0.0_@babel+core@7.27.4_react-dom@18.2.0_react@18.2.0__react@18.2.0/node_modules/next/dist/compiled/next-server/app-page.runtime.dev.js:35:7923)
    at /Users/derahmanyelo/Documents/GitHub/EduLynx/node_modules/.pnpm/next@14.0.0_@babel+core@7.27.4_react-dom@18.2.0_react@18.2.0__react@18.2.0/node_modules/next/dist/compiled/next-server/app-page.runtime.dev.js:35:13014
    at ap (/Users/derahmanyelo/Documents/GitHub/EduLynx/node_modules/.pnpm/next@14.0.0_@babel+core@7.27.4_react-dom@18.2.0_react@18.2.0__react@18.2.0/node_modules/next/dist/compiled/next-server/app-page.runtime.dev.js:35:13038)
    at e (/Users/derahmanyelo/Documents/GitHub/EduLynx/node_modules/.pnpm/next@14.0.0_@babel+core@7.27.4_react-dom@18.2.0_react@18.2.0__react@18.2.0/node_modules/next/dist/compiled/next-server/app-page.runtime.dev.js:35:45795)
 ○ Compiling /courses/[id]/page ...
 ✓ Compiled /courses/[id]/page in 2.7s (634 modules)
 ✓ Compiled (668 modules)
[next-auth][warn][DEBUG_ENABLED] 
https://next-auth.js.org/warnings#debug_enabled
Redirect callback - URL: http://localhost:3001/auth/signin Base URL: http://localhost:3001
Session callback - Creating session for: student1@lynxacademy.co.za
 ⨯ ../node_modules/.pnpm/next@14.0.0_@babel+core@7.27.4_react-dom@18.2.0_react@18.2.0__react@18.2.0/node_modules/next/dist/shared/lib/image-loader.js (41:26) @ defaultLoader
 ⨯ Error: Invalid src prop (https://images.unsplash.com/photo-1481627834876-b7833e8f5570?ixlib=rb-4.0.3&auto=format&fit=crop&w=600&q=80) on `next/image`, hostname "images.unsplash.com" is not configured under images in your `next.config.js`
See more info: https://nextjs.org/docs/messages/next-image-unconfigured-host
    at Array.map (<anonymous>)
null
 ⨯ ../node_modules/.pnpm/next@14.0.0_@babel+core@7.27.4_react-dom@18.2.0_react@18.2.0__react@18.2.0/node_modules/next/dist/shared/lib/image-loader.js (41:26) @ defaultLoader
 ⨯ Error: Invalid src prop (https://images.unsplash.com/photo-1596495578065-6e0763fa1178?ixlib=rb-4.0.3&auto=format&fit=crop&w=600&q=80) on `next/image`, hostname "images.unsplash.com" is not configured under images in your `next.config.js`
See more info: https://nextjs.org/docs/messages/next-image-unconfigured-host
    at Array.map (<anonymous>)
null
 ⨯ ../node_modules/.pnpm/next@14.0.0_@babel+core@7.27.4_react-dom@18.2.0_react@18.2.0__react@18.2.0/node_modules/next/dist/shared/lib/image-loader.js (41:26) @ defaultLoader
 ⨯ Error: Invalid src prop (https://images.unsplash.com/photo-1596495578065-6e0763fa1178?ixlib=rb-4.0.3&auto=format&fit=crop&w=600&q=80) on `next/image`, hostname "images.unsplash.com" is not configured under images in your `next.config.js`
See more info: https://nextjs.org/docs/messages/next-image-unconfigured-host
    at Array.map (<anonymous>)
null
Redirect callback - URL: http://localhost:3001/auth/signin Base URL: http://localhost:3001
Session callback - Creating session for: student1@lynxacademy.co.za
 ⨯ ../node_modules/.pnpm/next@14.0.0_@babel+core@7.27.4_react-dom@18.2.0_react@18.2.0__react@18.2.0/node_modules/next/dist/shared/lib/image-loader.js (41:26) @ defaultLoader
 ⨯ Error: Invalid src prop (https://images.unsplash.com/photo-1481627834876-b7833e8f5570?ixlib=rb-4.0.3&auto=format&fit=crop&w=600&q=80) on `next/image`, hostname "images.unsplash.com" is not configured under images in your `next.config.js`
See more info: https://nextjs.org/docs/messages/next-image-unconfigured-host
    at Array.map (<anonymous>)
null
 ⨯ ../node_modules/.pnpm/next@14.0.0_@babel+core@7.27.4_react-dom@18.2.0_react@18.2.0__react@18.2.0/node_modules/next/dist/shared/lib/image-loader.js (41:26) @ defaultLoader
 ⨯ Error: Invalid src prop (https://images.unsplash.com/photo-1596495578065-6e0763fa1178?ixlib=rb-4.0.3&auto=format&fit=crop&w=600&q=80) on `next/image`, hostname "images.unsplash.com" is not configured under images in your `next.config.js`
See more info: https://nextjs.org/docs/messages/next-image-unconfigured-host
    at Array.map (<anonymous>)
null
 ⨯ ../node_modules/.pnpm/next@14.0.0_@babel+core@7.27.4_react-dom@18.2.0_react@18.2.0__react@18.2.0/node_modules/next/dist/shared/lib/image-loader.js (41:26) @ defaultLoader
 ⨯ Error: Invalid src prop (https://images.unsplash.com/photo-1532094349884-543bc11b234d?ixlib=rb-4.0.3&auto=format&fit=crop&w=600&q=80) on `next/image`, hostname "images.unsplash.com" is not configured under images in your `next.config.js`
See more info: https://nextjs.org/docs/messages/next-image-unconfigured-host
    at Array.map (<anonymous>)
null
 ⨯ ../node_modules/.pnpm/next@14.0.0_@babel+core@7.27.4_react-dom@18.2.0_react@18.2.0__react@18.2.0/node_modules/next/dist/shared/lib/image-loader.js (41:26) @ defaultLoader
 ⨯ Error: Invalid src prop (https://images.unsplash.com/photo-1532094349884-543bc11b234d?ixlib=rb-4.0.3&auto=format&fit=crop&w=600&q=80) on `next/image`, hostname "images.unsplash.com" is not configured under images in your `next.config.js`
See more info: https://nextjs.org/docs/messages/next-image-unconfigured-host
    at Array.map (<anonymous>)
null
 ⨯ ../node_modules/.pnpm/next@14.0.0_@babel+core@7.27.4_react-dom@18.2.0_react@18.2.0__react@18.2.0/node_modules/next/dist/shared/lib/image-loader.js (41:26) @ defaultLoader
 ⨯ Error: Invalid src prop (https://images.unsplash.com/photo-1559757148-5c350d0d3c56?ixlib=rb-4.0.3&auto=format&fit=crop&w=600&q=80) on `next/image`, hostname "images.unsplash.com" is not configured under images in your `next.config.js`
See more info: https://nextjs.org/docs/messages/next-image-unconfigured-host
    at Array.map (<anonymous>)
null
Redirect callback - URL: http://localhost:3001/auth/signin Base URL: http://localhost:3001
Session callback - Creating session for: student1@lynxacademy.co.za
 ⨯ ../node_modules/.pnpm/next@14.0.0_@babel+core@7.27.4_react-dom@18.2.0_react@18.2.0__react@18.2.0/node_modules/next/dist/shared/lib/image-loader.js (41:26) @ defaultLoader
 ⨯ Error: Invalid src prop (https://images.unsplash.com/photo-1559757148-5c350d0d3c56?ixlib=rb-4.0.3&auto=format&fit=crop&w=600&q=80) on `next/image`, hostname "images.unsplash.com" is not configured under images in your `next.config.js`
See more info: https://nextjs.org/docs/messages/next-image-unconfigured-host
    at Array.map (<anonymous>)
null
 ⨯ ../node_modules/.pnpm/next@14.0.0_@babel+core@7.27.4_react-dom@18.2.0_react@18.2.0__react@18.2.0/node_modules/next/dist/shared/lib/image-loader.js (41:26) @ defaultLoader
 ⨯ Error: Invalid src prop (https://images.unsplash.com/photo-1596495578065-6e0763fa1178?ixlib=rb-4.0.3&auto=format&fit=crop&w=600&q=80) on `next/image`, hostname "images.unsplash.com" is not configured under images in your `next.config.js`
See more info: https://nextjs.org/docs/messages/next-image-unconfigured-host
    at Array.map (<anonymous>)
null
Redirect callback - URL: http://localhost:3001/auth/signin Base URL: http://localhost:3001
Session callback - Creating session for: student1@lynxacademy.co.za
 ⨯ ../node_modules/.pnpm/next@14.0.0_@babel+core@7.27.4_react-dom@18.2.0_react@18.2.0__react@18.2.0/node_modules/next/dist/shared/lib/image-loader.js (41:26) @ defaultLoader
 ⨯ Error: Invalid src prop (https://images.unsplash.com/photo-1596495578065-6e0763fa1178?ixlib=rb-4.0.3&auto=format&fit=crop&w=600&q=80) on `next/image`, hostname "images.unsplash.com" is not configured under images in your `next.config.js`
See more info: https://nextjs.org/docs/messages/next-image-unconfigured-host
    at Array.map (<anonymous>)
null
Redirect callback - URL: http://localhost:3001/auth/signin Base URL: http://localhost:3001
Session callback - Creating session for: student1@lynxacademy.co.za
 ⨯ ../node_modules/.pnpm/next@14.0.0_@babel+core@7.27.4_react-dom@18.2.0_react@18.2.0__react@18.2.0/node_modules/next/dist/shared/lib/image-loader.js (41:26) @ defaultLoader
 ⨯ Error: Invalid src prop (https://images.unsplash.com/photo-1596495578065-6e0763fa1178?ixlib=rb-4.0.3&auto=format&fit=crop&w=600&q=80) on `next/image`, hostname "images.unsplash.com" is not configured under images in your `next.config.js`
See more info: https://nextjs.org/docs/messages/next-image-unconfigured-host
    at Array.map (<anonymous>)
null
Redirect callback - URL: http://localhost:3001/auth/signin Base URL: http://localhost:3001
Session callback - Creating session for: student1@lynxacademy.co.za
Redirect callback - URL: http://localhost:3001/auth/signin Base URL: http://localhost:3001
Session callback - Creating session for: student1@lynxacademy.co.za
Redirect callback - URL: http://localhost:3001/auth/signin Base URL: http://localhost:3001
Session callback - Creating session for: student1@lynxacademy.co.za
Redirect callback - URL: http://localhost:3001/auth/signin Base URL: http://localhost:3001
Session callback - Creating session for: student1@lynxacademy.co.za
Redirect callback - URL: http://localhost:3001/auth/signin Base URL: http://localhost:3001
Session callback - Creating session for: student1@lynxacademy.co.za
Redirect callback - URL: http://localhost:3001/auth/signin Base URL: http://localhost:3001
Session callback - Creating session for: student1@lynxacademy.co.za
Redirect callback - URL: http://localhost:3001/auth/signin Base URL: http://localhost:3001
Session callback - Creating session for: student1@lynxacademy.co.za
 ✓ Compiled in 1371ms (594 modules)
 ⨯ Error: The default export is not a React Component in page: "/ai-tutor"
    at async Promise.all (index 0)
    at async Promise.all (index 0)
 ⨯ Error: The default export is not a React Component in page: "/ai-tutor"
    at async Promise.all (index 0)
    at async Promise.all (index 0)
digest: "1209951696"
Warning: React.jsx: type is invalid -- expected a string (for built-in components) or a class/function (for composite components) but got: object. You likely forgot to export your component from the file it's defined in, or you might have mixed up default and named imports.

Check your code at page.tsx:6.
    at CoursesPage
    at StaticGenerationSearchParamsBailoutProvider (webpack-internal:///(ssr)/../../node_modules/.pnpm/next@14.0.0_@babel+core@7.27.4_react-dom@18.2.0_react@18.2.0__react@18.2.0/node_modules/next/dist/client/components/static-generation-searchparams-bailout-provider.js:15:11)
    at Lazy
    at InnerLayoutRouter (webpack-internal:///(ssr)/../../node_modules/.pnpm/next@14.0.0_@babel+core@7.27.4_react-dom@18.2.0_react@18.2.0__react@18.2.0/node_modules/next/dist/client/components/layout-router.js:240:11)
    at RedirectErrorBoundary (webpack-internal:///(ssr)/../../node_modules/.pnpm/next@14.0.0_@babel+core@7.27.4_react-dom@18.2.0_react@18.2.0__react@18.2.0/node_modules/next/dist/client/components/redirect-boundary.js:71:9)
    at RedirectBoundary (webpack-internal:///(ssr)/../../node_modules/.pnpm/next@14.0.0_@babel+core@7.27.4_react-dom@18.2.0_react@18.2.0__react@18.2.0/node_modules/next/dist/client/components/redirect-boundary.js:79:11)
    at NotFoundBoundary (webpack-internal:///(ssr)/../../node_modules/.pnpm/next@14.0.0_@babel+core@7.27.4_react-dom@18.2.0_react@18.2.0__react@18.2.0/node_modules/next/dist/client/components/not-found-boundary.js:62:11)
    at LoadingBoundary (webpack-internal:///(ssr)/../../node_modules/.pnpm/next@14.0.0_@babel+core@7.27.4_react-dom@18.2.0_react@18.2.0__react@18.2.0/node_modules/next/dist/client/components/layout-router.js:336:11)
    at ErrorBoundary (webpack-internal:///(ssr)/../../node_modules/.pnpm/next@14.0.0_@babel+core@7.27.4_react-dom@18.2.0_react@18.2.0__react@18.2.0/node_modules/next/dist/client/components/error-boundary.js:128:11)
    at InnerScrollAndFocusHandler (webpack-internal:///(ssr)/../../node_modules/.pnpm/next@14.0.0_@babel+core@7.27.4_react-dom@18.2.0_react@18.2.0__react@18.2.0/node_modules/next/dist/client/components/layout-router.js:152:9)
    at ScrollAndFocusHandler (webpack-internal:///(ssr)/../../node_modules/.pnpm/next@14.0.0_@babel+core@7.27.4_react-dom@18.2.0_react@18.2.0__react@18.2.0/node_modules/next/dist/client/components/layout-router.js:227:11)
    at RenderFromTemplateContext (webpack-internal:///(ssr)/../../node_modules/.pnpm/next@14.0.0_@babel+core@7.27.4_react-dom@18.2.0_react@18.2.0__react@18.2.0/node_modules/next/dist/client/components/render-from-template-context.js:15:44)
    at Lazy
    at OuterLayoutRouter (webpack-internal:///(ssr)/../../node_modules/.pnpm/next@14.0.0_@babel+core@7.27.4_react-dom@18.2.0_react@18.2.0__react@18.2.0/node_modules/next/dist/client/components/layout-router.js:345:11)
    at Lazy
    at InnerLayoutRouter (webpack-internal:///(ssr)/../../node_modules/.pnpm/next@14.0.0_@babel+core@7.27.4_react-dom@18.2.0_react@18.2.0__react@18.2.0/node_modules/next/dist/client/components/layout-router.js:240:11)
    at RedirectErrorBoundary (webpack-internal:///(ssr)/../../node_modules/.pnpm/next@14.0.0_@babel+core@7.27.4_react-dom@18.2.0_react@18.2.0__react@18.2.0/node_modules/next/dist/client/components/redirect-boundary.js:71:9)
    at RedirectBoundary (webpack-internal:///(ssr)/../../node_modules/.pnpm/next@14.0.0_@babel+core@7.27.4_react-dom@18.2.0_react@18.2.0__react@18.2.0/node_modules/next/dist/client/components/redirect-boundary.js:79:11)
    at NotFoundErrorBoundary (webpack-internal:///(ssr)/../../node_modules/.pnpm/next@14.0.0_@babel+core@7.27.4_react-dom@18.2.0_react@18.2.0__react@18.2.0/node_modules/next/dist/client/components/not-found-boundary.js:54:9)
    at NotFoundBoundary (webpack-internal:///(ssr)/../../node_modules/.pnpm/next@14.0.0_@babel+core@7.27.4_react-dom@18.2.0_react@18.2.0__react@18.2.0/node_modules/next/dist/client/components/not-found-boundary.js:62:11)
    at LoadingBoundary (webpack-internal:///(ssr)/../../node_modules/.pnpm/next@14.0.0_@babel+core@7.27.4_react-dom@18.2.0_react@18.2.0__react@18.2.0/node_modules/next/dist/client/components/layout-router.js:336:11)
    at ErrorBoundary (webpack-internal:///(ssr)/../../node_modules/.pnpm/next@14.0.0_@babel+core@7.27.4_react-dom@18.2.0_react@18.2.0__react@18.2.0/node_modules/next/dist/client/components/error-boundary.js:128:11)
    at InnerScrollAndFocusHandler (webpack-internal:///(ssr)/../../node_modules/.pnpm/next@14.0.0_@babel+core@7.27.4_react-dom@18.2.0_react@18.2.0__react@18.2.0/node_modules/next/dist/client/components/layout-router.js:152:9)
    at ScrollAndFocusHandler (webpack-internal:///(ssr)/../../node_modules/.pnpm/next@14.0.0_@babel+core@7.27.4_react-dom@18.2.0_react@18.2.0__react@18.2.0/node_modules/next/dist/client/components/layout-router.js:227:11)
    at RenderFromTemplateContext (webpack-internal:///(ssr)/../../node_modules/.pnpm/next@14.0.0_@babel+core@7.27.4_react-dom@18.2.0_react@18.2.0__react@18.2.0/node_modules/next/dist/client/components/render-from-template-context.js:15:44)
    at Lazy
    at OuterLayoutRouter (webpack-internal:///(ssr)/../../node_modules/.pnpm/next@14.0.0_@babel+core@7.27.4_react-dom@18.2.0_react@18.2.0__react@18.2.0/node_modules/next/dist/client/components/layout-router.js:345:11)
    at Lazy
    at main
    at div
    at div
    at ErrorBoundary (webpack-internal:///(ssr)/./components/error/ErrorBoundary.tsx:222:9)
    at ThemeProvider (webpack-internal:///(ssr)/./components/theme/theme-provider.tsx:13:26)
    at LayoutContent (webpack-internal:///(ssr)/./app/layout.tsx:37:26)
    at body
    at html
    at SessionProvider (webpack-internal:///(ssr)/../../node_modules/.pnpm/next-auth@4.24.11_next@14.0.0_@babel+core@7.27.4_react-dom@18.2.0_react@18.2.0__react@1_e2cd924e0925d5f7dad23222937f15c8/node_modules/next-auth/react/index.js:364:24)
    at Layout (webpack-internal:///(ssr)/./app/layout.tsx:442:19)
    at Lazy
    at RedirectErrorBoundary (webpack-internal:///(ssr)/../../node_modules/.pnpm/next@14.0.0_@babel+core@7.27.4_react-dom@18.2.0_react@18.2.0__react@18.2.0/node_modules/next/dist/client/components/redirect-boundary.js:71:9)
    at RedirectBoundary (webpack-internal:///(ssr)/../../node_modules/.pnpm/next@14.0.0_@babel+core@7.27.4_react-dom@18.2.0_react@18.2.0__react@18.2.0/node_modules/next/dist/client/components/redirect-boundary.js:79:11)
    at ReactDevOverlay (webpack-internal:///(ssr)/../../node_modules/.pnpm/next@14.0.0_@babel+core@7.27.4_react-dom@18.2.0_react@18.2.0__react@18.2.0/node_modules/next/dist/client/components/react-dev-overlay/internal/ReactDevOverlay.js:66:9)
    at HotReload (webpack-internal:///(ssr)/../../node_modules/.pnpm/next@14.0.0_@babel+core@7.27.4_react-dom@18.2.0_react@18.2.0__react@18.2.0/node_modules/next/dist/client/components/react-dev-overlay/hot-reloader-client.js:298:11)
    at Router (webpack-internal:///(ssr)/../../node_modules/.pnpm/next@14.0.0_@babel+core@7.27.4_react-dom@18.2.0_react@18.2.0__react@18.2.0/node_modules/next/dist/client/components/app-router.js:154:11)
    at ErrorBoundaryHandler (webpack-internal:///(ssr)/../../node_modules/.pnpm/next@14.0.0_@babel+core@7.27.4_react-dom@18.2.0_react@18.2.0__react@18.2.0/node_modules/next/dist/client/components/error-boundary.js:99:9)
    at ErrorBoundary (webpack-internal:///(ssr)/../../node_modules/.pnpm/next@14.0.0_@babel+core@7.27.4_react-dom@18.2.0_react@18.2.0__react@18.2.0/node_modules/next/dist/client/components/error-boundary.js:128:11)
    at AppRouter (webpack-internal:///(ssr)/../../node_modules/.pnpm/next@14.0.0_@babel+core@7.27.4_react-dom@18.2.0_react@18.2.0__react@18.2.0/node_modules/next/dist/client/components/app-router.js:426:13)
    at Lazy
    at Lazy
    at /Users/derahmanyelo/Documents/GitHub/EduLynx/node_modules/.pnpm/next@14.0.0_@babel+core@7.27.4_react-dom@18.2.0_react@18.2.0__react@18.2.0/node_modules/next/dist/compiled/next-server/app-page.runtime.dev.js:35:374733
    at /Users/derahmanyelo/Documents/GitHub/EduLynx/node_modules/.pnpm/next@14.0.0_@babel+core@7.27.4_react-dom@18.2.0_react@18.2.0__react@18.2.0/node_modules/next/dist/compiled/next-server/app-page.runtime.dev.js:35:374733
    at ServerInsertedHTMLProvider (/Users/derahmanyelo/Documents/GitHub/EduLynx/node_modules/.pnpm/next@14.0.0_@babel+core@7.27.4_react-dom@18.2.0_react@18.2.0__react@18.2.0/node_modules/next/dist/compiled/next-server/app-page.runtime.dev.js:38:23140)
 ⨯ Internal error: Error: Element type is invalid: expected a string (for built-in components) or a class/function (for composite components) but got: object. You likely forgot to export your component from the file it's defined in, or you might have mixed up default and named imports.
    at ap (/Users/derahmanyelo/Documents/GitHub/EduLynx/node_modules/.pnpm/next@14.0.0_@babel+core@7.27.4_react-dom@18.2.0_react@18.2.0__react@18.2.0/node_modules/next/dist/compiled/next-server/app-page.runtime.dev.js:35:42842)
    at e (/Users/derahmanyelo/Documents/GitHub/EduLynx/node_modules/.pnpm/next@14.0.0_@babel+core@7.27.4_react-dom@18.2.0_react@18.2.0__react@18.2.0/node_modules/next/dist/compiled/next-server/app-page.runtime.dev.js:35:45795)
    at ah (/Users/derahmanyelo/Documents/GitHub/EduLynx/node_modules/.pnpm/next@14.0.0_@babel+core@7.27.4_react-dom@18.2.0_react@18.2.0__react@18.2.0/node_modules/next/dist/compiled/next-server/app-page.runtime.dev.js:35:47773)
    at ac (/Users/derahmanyelo/Documents/GitHub/EduLynx/node_modules/.pnpm/next@14.0.0_@babel+core@7.27.4_react-dom@18.2.0_react@18.2.0__react@18.2.0/node_modules/next/dist/compiled/next-server/app-page.runtime.dev.js:35:7923)
    at /Users/derahmanyelo/Documents/GitHub/EduLynx/node_modules/.pnpm/next@14.0.0_@babel+core@7.27.4_react-dom@18.2.0_react@18.2.0__react@18.2.0/node_modules/next/dist/compiled/next-server/app-page.runtime.dev.js:35:13014
    at ap (/Users/derahmanyelo/Documents/GitHub/EduLynx/node_modules/.pnpm/next@14.0.0_@babel+core@7.27.4_react-dom@18.2.0_react@18.2.0__react@18.2.0/node_modules/next/dist/compiled/next-server/app-page.runtime.dev.js:35:13038)
    at e (/Users/derahmanyelo/Documents/GitHub/EduLynx/node_modules/.pnpm/next@14.0.0_@babel+core@7.27.4_react-dom@18.2.0_react@18.2.0__react@18.2.0/node_modules/next/dist/compiled/next-server/app-page.runtime.dev.js:35:45795)
    at ah (/Users/derahmanyelo/Documents/GitHub/EduLynx/node_modules/.pnpm/next@14.0.0_@babel+core@7.27.4_react-dom@18.2.0_react@18.2.0__react@18.2.0/node_modules/next/dist/compiled/next-server/app-page.runtime.dev.js:35:47773)
    at ac (/Users/derahmanyelo/Documents/GitHub/EduLynx/node_modules/.pnpm/next@14.0.0_@babel+core@7.27.4_react-dom@18.2.0_react@18.2.0__react@18.2.0/node_modules/next/dist/compiled/next-server/app-page.runtime.dev.js:35:7923)
    at /Users/derahmanyelo/Documents/GitHub/EduLynx/node_modules/.pnpm/next@14.0.0_@babel+core@7.27.4_react-dom@18.2.0_react@18.2.0__react@18.2.0/node_modules/next/dist/compiled/next-server/app-page.runtime.dev.js:35:13014
    at ap (/Users/derahmanyelo/Documents/GitHub/EduLynx/node_modules/.pnpm/next@14.0.0_@babel+core@7.27.4_react-dom@18.2.0_react@18.2.0__react@18.2.0/node_modules/next/dist/compiled/next-server/app-page.runtime.dev.js:35:13038)
    at ap (/Users/derahmanyelo/Documents/GitHub/EduLynx/node_modules/.pnpm/next@14.0.0_@babel+core@7.27.4_react-dom@18.2.0_react@18.2.0__react@18.2.0/node_modules/next/dist/compiled/next-server/app-page.runtime.dev.js:35:42585)
    at e (/Users/derahmanyelo/Documents/GitHub/EduLynx/node_modules/.pnpm/next@14.0.0_@babel+core@7.27.4_react-dom@18.2.0_react@18.2.0__react@18.2.0/node_modules/next/dist/compiled/next-server/app-page.runtime.dev.js:35:45795)
    at ah (/Users/derahmanyelo/Documents/GitHub/EduLynx/node_modules/.pnpm/next@14.0.0_@babel+core@7.27.4_react-dom@18.2.0_react@18.2.0__react@18.2.0/node_modules/next/dist/compiled/next-server/app-page.runtime.dev.js:35:47773)
    at am (/Users/derahmanyelo/Documents/GitHub/EduLynx/node_modules/.pnpm/next@14.0.0_@babel+core@7.27.4_react-dom@18.2.0_react@18.2.0__react@18.2.0/node_modules/next/dist/compiled/next-server/app-page.runtime.dev.js:35:49662)
    at ay (/Users/derahmanyelo/Documents/GitHub/EduLynx/node_modules/.pnpm/next@14.0.0_@babel+core@7.27.4_react-dom@18.2.0_react@18.2.0__react@18.2.0/node_modules/next/dist/compiled/next-server/app-page.runtime.dev.js:35:48903)
    at e (/Users/derahmanyelo/Documents/GitHub/EduLynx/node_modules/.pnpm/next@14.0.0_@babel+core@7.27.4_react-dom@18.2.0_react@18.2.0__react@18.2.0/node_modules/next/dist/compiled/next-server/app-page.runtime.dev.js:35:46144)
    at ah (/Users/derahmanyelo/Documents/GitHub/EduLynx/node_modules/.pnpm/next@14.0.0_@babel+core@7.27.4_react-dom@18.2.0_react@18.2.0__react@18.2.0/node_modules/next/dist/compiled/next-server/app-page.runtime.dev.js:35:47773)
    at ap (/Users/derahmanyelo/Documents/GitHub/EduLynx/node_modules/.pnpm/next@14.0.0_@babel+core@7.27.4_react-dom@18.2.0_react@18.2.0__react@18.2.0/node_modules/next/dist/compiled/next-server/app-page.runtime.dev.js:35:41224)
    at e (/Users/derahmanyelo/Documents/GitHub/EduLynx/node_modules/.pnpm/next@14.0.0_@babel+core@7.27.4_react-dom@18.2.0_react@18.2.0__react@18.2.0/node_modules/next/dist/compiled/next-server/app-page.runtime.dev.js:35:45795)
    at ah (/Users/derahmanyelo/Documents/GitHub/EduLynx/node_modules/.pnpm/next@14.0.0_@babel+core@7.27.4_react-dom@18.2.0_react@18.2.0__react@18.2.0/node_modules/next/dist/compiled/next-server/app-page.runtime.dev.js:35:47773)
    at ac (/Users/derahmanyelo/Documents/GitHub/EduLynx/node_modules/.pnpm/next@14.0.0_@babel+core@7.27.4_react-dom@18.2.0_react@18.2.0__react@18.2.0/node_modules/next/dist/compiled/next-server/app-page.runtime.dev.js:35:7923)
    at /Users/derahmanyelo/Documents/GitHub/EduLynx/node_modules/.pnpm/next@14.0.0_@babel+core@7.27.4_react-dom@18.2.0_react@18.2.0__react@18.2.0/node_modules/next/dist/compiled/next-server/app-page.runtime.dev.js:35:13014
    at ap (/Users/derahmanyelo/Documents/GitHub/EduLynx/node_modules/.pnpm/next@14.0.0_@babel+core@7.27.4_react-dom@18.2.0_react@18.2.0__react@18.2.0/node_modules/next/dist/compiled/next-server/app-page.runtime.dev.js:35:13038)
    at e (/Users/derahmanyelo/Documents/GitHub/EduLynx/node_modules/.pnpm/next@14.0.0_@babel+core@7.27.4_react-dom@18.2.0_react@18.2.0__react@18.2.0/node_modules/next/dist/compiled/next-server/app-page.runtime.dev.js:35:45795)
    at ah (/Users/derahmanyelo/Documents/GitHub/EduLynx/node_modules/.pnpm/next@14.0.0_@babel+core@7.27.4_react-dom@18.2.0_react@18.2.0__react@18.2.0/node_modules/next/dist/compiled/next-server/app-page.runtime.dev.js:35:47773)
    at ae (/Users/derahmanyelo/Documents/GitHub/EduLynx/node_modules/.pnpm/next@14.0.0_@babel+core@7.27.4_react-dom@18.2.0_react@18.2.0__react@18.2.0/node_modules/next/dist/compiled/next-server/app-page.runtime.dev.js:35:7504)
    at ap (/Users/derahmanyelo/Documents/GitHub/EduLynx/node_modules/.pnpm/next@14.0.0_@babel+core@7.27.4_react-dom@18.2.0_react@18.2.0__react@18.2.0/node_modules/next/dist/compiled/next-server/app-page.runtime.dev.js:35:10920)
    at e (/Users/derahmanyelo/Documents/GitHub/EduLynx/node_modules/.pnpm/next@14.0.0_@babel+core@7.27.4_react-dom@18.2.0_react@18.2.0__react@18.2.0/node_modules/next/dist/compiled/next-server/app-page.runtime.dev.js:35:45795)
    at ah (/Users/derahmanyelo/Documents/GitHub/EduLynx/node_modules/.pnpm/next@14.0.0_@babel+core@7.27.4_react-dom@18.2.0_react@18.2.0__react@18.2.0/node_modules/next/dist/compiled/next-server/app-page.runtime.dev.js:35:47773)
    at ac (/Users/derahmanyelo/Documents/GitHub/EduLynx/node_modules/.pnpm/next@14.0.0_@babel+core@7.27.4_react-dom@18.2.0_react@18.2.0__react@18.2.0/node_modules/next/dist/compiled/next-server/app-page.runtime.dev.js:35:7923)
    at /Users/derahmanyelo/Documents/GitHub/EduLynx/node_modules/.pnpm/next@14.0.0_@babel+core@7.27.4_react-dom@18.2.0_react@18.2.0__react@18.2.0/node_modules/next/dist/compiled/next-server/app-page.runtime.dev.js:35:13014
    at ap (/Users/derahmanyelo/Documents/GitHub/EduLynx/node_modules/.pnpm/next@14.0.0_@babel+core@7.27.4_react-dom@18.2.0_react@18.2.0__react@18.2.0/node_modules/next/dist/compiled/next-server/app-page.runtime.dev.js:35:13038)
    at e (/Users/derahmanyelo/Documents/GitHub/EduLynx/node_modules/.pnpm/next@14.0.0_@babel+core@7.27.4_react-dom@18.2.0_react@18.2.0__react@18.2.0/node_modules/next/dist/compiled/next-server/app-page.runtime.dev.js:35:45795)
    at ah (/Users/derahmanyelo/Documents/GitHub/EduLynx/node_modules/.pnpm/next@14.0.0_@babel+core@7.27.4_react-dom@18.2.0_react@18.2.0__react@18.2.0/node_modules/next/dist/compiled/next-server/app-page.runtime.dev.js:35:47773)
    at ap (/Users/derahmanyelo/Documents/GitHub/EduLynx/node_modules/.pnpm/next@14.0.0_@babel+core@7.27.4_react-dom@18.2.0_react@18.2.0__react@18.2.0/node_modules/next/dist/compiled/next-server/app-page.runtime.dev.js:35:39008)
    at e (/Users/derahmanyelo/Documents/GitHub/EduLynx/node_modules/.pnpm/next@14.0.0_@babel+core@7.27.4_react-dom@18.2.0_react@18.2.0__react@18.2.0/node_modules/next/dist/compiled/next-server/app-page.runtime.dev.js:35:45795)
    at ah (/Users/derahmanyelo/Documents/GitHub/EduLynx/node_modules/.pnpm/next@14.0.0_@babel+core@7.27.4_react-dom@18.2.0_react@18.2.0__react@18.2.0/node_modules/next/dist/compiled/next-server/app-page.runtime.dev.js:35:47773)
    at ac (/Users/derahmanyelo/Documents/GitHub/EduLynx/node_modules/.pnpm/next@14.0.0_@babel+core@7.27.4_react-dom@18.2.0_react@18.2.0__react@18.2.0/node_modules/next/dist/compiled/next-server/app-page.runtime.dev.js:35:7923)
    at /Users/derahmanyelo/Documents/GitHub/EduLynx/node_modules/.pnpm/next@14.0.0_@babel+core@7.27.4_react-dom@18.2.0_react@18.2.0__react@18.2.0/node_modules/next/dist/compiled/next-server/app-page.runtime.dev.js:35:13014
    at ap (/Users/derahmanyelo/Documents/GitHub/EduLynx/node_modules/.pnpm/next@14.0.0_@babel+core@7.27.4_react-dom@18.2.0_react@18.2.0__react@18.2.0/node_modules/next/dist/compiled/next-server/app-page.runtime.dev.js:35:13038)
    at e (/Users/derahmanyelo/Documents/GitHub/EduLynx/node_modules/.pnpm/next@14.0.0_@babel+core@7.27.4_react-dom@18.2.0_react@18.2.0__react@18.2.0/node_modules/next/dist/compiled/next-server/app-page.runtime.dev.js:35:45795)
    at ah (/Users/derahmanyelo/Documents/GitHub/EduLynx/node_modules/.pnpm/next@14.0.0_@babel+core@7.27.4_react-dom@18.2.0_react@18.2.0__react@18.2.0/node_modules/next/dist/compiled/next-server/app-page.runtime.dev.js:35:47773)
    at ap (/Users/derahmanyelo/Documents/GitHub/EduLynx/node_modules/.pnpm/next@14.0.0_@babel+core@7.27.4_react-dom@18.2.0_react@18.2.0__react@18.2.0/node_modules/next/dist/compiled/next-server/app-page.runtime.dev.js:35:39008)
    at e (/Users/derahmanyelo/Documents/GitHub/EduLynx/node_modules/.pnpm/next@14.0.0_@babel+core@7.27.4_react-dom@18.2.0_react@18.2.0__react@18.2.0/node_modules/next/dist/compiled/next-server/app-page.runtime.dev.js:35:45795)
    at ah (/Users/derahmanyelo/Documents/GitHub/EduLynx/node_modules/.pnpm/next@14.0.0_@babel+core@7.27.4_react-dom@18.2.0_react@18.2.0__react@18.2.0/node_modules/next/dist/compiled/next-server/app-page.runtime.dev.js:35:47773)
    at ac (/Users/derahmanyelo/Documents/GitHub/EduLynx/node_modules/.pnpm/next@14.0.0_@babel+core@7.27.4_react-dom@18.2.0_react@18.2.0__react@18.2.0/node_modules/next/dist/compiled/next-server/app-page.runtime.dev.js:35:7923)
    at /Users/derahmanyelo/Documents/GitHub/EduLynx/node_modules/.pnpm/next@14.0.0_@babel+core@7.27.4_react-dom@18.2.0_react@18.2.0__react@18.2.0/node_modules/next/dist/compiled/next-server/app-page.runtime.dev.js:35:13014
    at ap (/Users/derahmanyelo/Documents/GitHub/EduLynx/node_modules/.pnpm/next@14.0.0_@babel+core@7.27.4_react-dom@18.2.0_react@18.2.0__react@18.2.0/node_modules/next/dist/compiled/next-server/app-page.runtime.dev.js:35:13038)
    at e (/Users/derahmanyelo/Documents/GitHub/EduLynx/node_modules/.pnpm/next@14.0.0_@babel+core@7.27.4_react-dom@18.2.0_react@18.2.0__react@18.2.0/node_modules/next/dist/compiled/next-server/app-page.runtime.dev.js:35:45795)
Redirect callback - URL: http://localhost:3001/auth/signin Base URL: http://localhost:3001
Session callback - Creating session for: student1@lynxacademy.co.za
Redirect callback - URL: http://localhost:3001/auth/signin Base URL: http://localhost:3001
Session callback - Creating session for: student1@lynxacademy.co.za
Redirect callback - URL: http://localhost:3001/auth/signin Base URL: http://localhost:3001
Redirect callback - URL: http://localhost:3001/auth/signin Base URL: http://localhost:3001
Session callback - Creating session for: student1@lynxacademy.co.za
Redirect callback - URL: http://localhost:3001/auth/signin Base URL: http://localhost:3001
Session callback - Creating session for: student1@lynxacademy.co.za
 ⨯ ../node_modules/.pnpm/next@14.0.0_@babel+core@7.27.4_react-dom@18.2.0_react@18.2.0__react@18.2.0/node_modules/next/dist/shared/lib/image-loader.js (41:26) @ defaultLoader
 ⨯ Error: Invalid src prop (https://images.unsplash.com/photo-1559757148-5c350d0d3c56?ixlib=rb-4.0.3&auto=format&fit=crop&w=600&q=80) on `next/image`, hostname "images.unsplash.com" is not configured under images in your `next.config.js`
See more info: https://nextjs.org/docs/messages/next-image-unconfigured-host
    at Array.map (<anonymous>)
null
 ⨯ ../node_modules/.pnpm/next@14.0.0_@babel+core@7.27.4_react-dom@18.2.0_react@18.2.0__react@18.2.0/node_modules/next/dist/shared/lib/image-loader.js (41:26) @ defaultLoader
 ⨯ Error: Invalid src prop (https://images.unsplash.com/photo-1532094349884-543bc11b234d?ixlib=rb-4.0.3&auto=format&fit=crop&w=600&q=80) on `next/image`, hostname "images.unsplash.com" is not configured under images in your `next.config.js`
See more info: https://nextjs.org/docs/messages/next-image-unconfigured-host
    at Array.map (<anonymous>)
null
 ⨯ ../node_modules/.pnpm/next@14.0.0_@babel+core@7.27.4_react-dom@18.2.0_react@18.2.0__react@18.2.0/node_modules/next/dist/shared/lib/image-loader.js (41:26) @ defaultLoader
 ⨯ Error: Invalid src prop (https://images.unsplash.com/photo-1532094349884-543bc11b234d?ixlib=rb-4.0.3&auto=format&fit=crop&w=600&q=80) on `next/image`, hostname "images.unsplash.com" is not configured under images in your `next.config.js`
See more info: https://nextjs.org/docs/messages/next-image-unconfigured-host
    at Array.map (<anonymous>)
null
 ⨯ ../node_modules/.pnpm/next@14.0.0_@babel+core@7.27.4_react-dom@18.2.0_react@18.2.0__react@18.2.0/node_modules/next/dist/shared/lib/image-loader.js (41:26) @ defaultLoader
 ⨯ Error: Invalid src prop (https://images.unsplash.com/photo-1481627834876-b7833e8f5570?ixlib=rb-4.0.3&auto=format&fit=crop&w=600&q=80) on `next/image`, hostname "images.unsplash.com" is not configured under images in your `next.config.js`
See more info: https://nextjs.org/docs/messages/next-image-unconfigured-host
    at Array.map (<anonymous>)
null
 ⨯ ../node_modules/.pnpm/next@14.0.0_@babel+core@7.27.4_react-dom@18.2.0_react@18.2.0__react@18.2.0/node_modules/next/dist/shared/lib/image-loader.js (41:26) @ defaultLoader
 ⨯ Error: Invalid src prop (https://images.unsplash.com/photo-1481627834876-b7833e8f5570?ixlib=rb-4.0.3&auto=format&fit=crop&w=600&q=80) on `next/image`, hostname "images.unsplash.com" is not configured under images in your `next.config.js`
See more info: https://nextjs.org/docs/messages/next-image-unconfigured-host
    at Array.map (<anonymous>)
null
Redirect callback - URL: http://localhost:3001/auth/signin Base URL: http://localhost:3001
Session callback - Creating session for: student1@lynxacademy.co.za
 ⨯ ../node_modules/.pnpm/next@14.0.0_@babel+core@7.27.4_react-dom@18.2.0_react@18.2.0__react@18.2.0/node_modules/next/dist/shared/lib/image-loader.js (41:26) @ defaultLoader
 ⨯ Error: Invalid src prop (https://images.unsplash.com/photo-1481627834876-b7833e8f5570?ixlib=rb-4.0.3&auto=format&fit=crop&w=600&q=80) on `next/image`, hostname "images.unsplash.com" is not configured under images in your `next.config.js`
See more info: https://nextjs.org/docs/messages/next-image-unconfigured-host
    at Array.map (<anonymous>)
null
Redirect callback - URL: http://localhost:3001/auth/signin Base URL: http://localhost:3001
Session callback - Creating session for: student1@lynxacademy.co.za
Redirect callback - URL: http://localhost:3001/auth/signin Base URL: http://localhost:3001
Session callback - Creating session for: student1@lynxacademy.co.za
Redirect callback - URL: http://localhost:3001/auth/signin Base URL: http://localhost:3001
Session callback - Creating session for: student1@lynxacademy.co.za
Redirect callback - URL: http://localhost:3001/auth/signin Base URL: http://localhost:3001
Session callback - Creating session for: student1@lynxacademy.co.za
 ⨯ ../node_modules/.pnpm/next@14.0.0_@babel+core@7.27.4_react-dom@18.2.0_react@18.2.0__react@18.2.0/node_modules/next/dist/shared/lib/image-loader.js (41:26) @ defaultLoader
 ⨯ Error: Invalid src prop (https://images.unsplash.com/photo-1596495578065-6e0763fa1178?ixlib=rb-4.0.3&auto=format&fit=crop&w=600&q=80) on `next/image`, hostname "images.unsplash.com" is not configured under images in your `next.config.js`
See more info: https://nextjs.org/docs/messages/next-image-unconfigured-host
    at Array.map (<anonymous>)
null
 ⨯ ../node_modules/.pnpm/next@14.0.0_@babel+core@7.27.4_react-dom@18.2.0_react@18.2.0__react@18.2.0/node_modules/next/dist/shared/lib/image-loader.js (41:26) @ defaultLoader
 ⨯ Error: Invalid src prop (https://images.unsplash.com/photo-1532094349884-543bc11b234d?ixlib=rb-4.0.3&auto=format&fit=crop&w=600&q=80) on `next/image`, hostname "images.unsplash.com" is not configured under images in your `next.config.js`
See more info: https://nextjs.org/docs/messages/next-image-unconfigured-host
    at Array.map (<anonymous>)
null
 ⨯ ../node_modules/.pnpm/next@14.0.0_@babel+core@7.27.4_react-dom@18.2.0_react@18.2.0__react@18.2.0/node_modules/next/dist/shared/lib/image-loader.js (41:26) @ defaultLoader
 ⨯ Error: Invalid src prop (https://images.unsplash.com/photo-1532094349884-543bc11b234d?ixlib=rb-4.0.3&auto=format&fit=crop&w=600&q=80) on `next/image`, hostname "images.unsplash.com" is not configured under images in your `next.config.js`
See more info: https://nextjs.org/docs/messages/next-image-unconfigured-host
    at Array.map (<anonymous>)
null
 ⨯ ../node_modules/.pnpm/next@14.0.0_@babel+core@7.27.4_react-dom@18.2.0_react@18.2.0__react@18.2.0/node_modules/next/dist/shared/lib/image-loader.js (41:26) @ defaultLoader
 ⨯ Error: Invalid src prop (https://images.unsplash.com/photo-1532094349884-543bc11b234d?ixlib=rb-4.0.3&auto=format&fit=crop&w=600&q=80) on `next/image`, hostname "images.unsplash.com" is not configured under images in your `next.config.js`
See more info: https://nextjs.org/docs/messages/next-image-unconfigured-host
    at Array.map (<anonymous>)
null
 ⨯ ../node_modules/.pnpm/next@14.0.0_@babel+core@7.27.4_react-dom@18.2.0_react@18.2.0__react@18.2.0/node_modules/next/dist/shared/lib/image-loader.js (41:26) @ defaultLoader
 ⨯ Error: Invalid src prop (https://images.unsplash.com/photo-1481627834876-b7833e8f5570?ixlib=rb-4.0.3&auto=format&fit=crop&w=600&q=80) on `next/image`, hostname "images.unsplash.com" is not configured under images in your `next.config.js`
See more info: https://nextjs.org/docs/messages/next-image-unconfigured-host
    at Array.map (<anonymous>)
null
 ⨯ ../node_modules/.pnpm/next@14.0.0_@babel+core@7.27.4_react-dom@18.2.0_react@18.2.0__react@18.2.0/node_modules/next/dist/shared/lib/image-loader.js (41:26) @ defaultLoader
 ⨯ Error: Invalid src prop (https://images.unsplash.com/photo-1481627834876-b7833e8f5570?ixlib=rb-4.0.3&auto=format&fit=crop&w=600&q=80) on `next/image`, hostname "images.unsplash.com" is not configured under images in your `next.config.js`
See more info: https://nextjs.org/docs/messages/next-image-unconfigured-host
    at Array.map (<anonymous>)
null
Redirect callback - URL: http://localhost:3001/auth/signin Base URL: http://localhost:3001
Session callback - Creating session for: student1@lynxacademy.co.za
Redirect callback - URL: http://localhost:3001/auth/signin Base URL: http://localhost:3001
Session callback - Creating session for: student1@lynxacademy.co.za
Redirect callback - URL: http://localhost:3001/auth/signin Base URL: http://localhost:3001
Session callback - Creating session for: student1@lynxacademy.co.za
Redirect callback - URL: http://localhost:3001/auth/signin Base URL: http://localhost:3001
Session callback - Creating session for: student1@lynxacademy.co.za
 ✓ Compiled in 844ms (592 modules)
 ⨯ Error: The default export is not a React Component in page: "/ai-tutor"
    at async Promise.all (index 0)
    at async Promise.all (index 0)
 ⨯ Error: The default export is not a React Component in page: "/ai-tutor"
    at async Promise.all (index 0)
    at async Promise.all (index 0)
digest: "1209951696"
Redirect callback - URL: http://localhost:3001/auth/signin Base URL: http://localhost:3001
Session callback - Creating session for: student1@lynxacademy.co.za
Redirect callback - URL: http://localhost:3001/auth/signin Base URL: http://localhost:3001
Session callback - Creating session for: student1@lynxacademy.co.za
Redirect callback - URL: http://localhost:3001/auth/signin Base URL: http://localhost:3001
Session callback - Creating session for: student1@lynxacademy.co.za
 ⨯ ../node_modules/.pnpm/next@14.0.0_@babel+core@7.27.4_react-dom@18.2.0_react@18.2.0__react@18.2.0/node_modules/next/dist/shared/lib/image-loader.js (41:26) @ defaultLoader
 ⨯ Error: Invalid src prop (https://images.unsplash.com/photo-1596495578065-6e0763fa1178?ixlib=rb-4.0.3&auto=format&fit=crop&w=600&q=80) on `next/image`, hostname "images.unsplash.com" is not configured under images in your `next.config.js`
See more info: https://nextjs.org/docs/messages/next-image-unconfigured-host
    at Array.map (<anonymous>)
null
 ⨯ ../node_modules/.pnpm/next@14.0.0_@babel+core@7.27.4_react-dom@18.2.0_react@18.2.0__react@18.2.0/node_modules/next/dist/shared/lib/image-loader.js (41:26) @ defaultLoader
 ⨯ Error: Invalid src prop (https://images.unsplash.com/photo-1532094349884-543bc11b234d?ixlib=rb-4.0.3&auto=format&fit=crop&w=600&q=80) on `next/image`, hostname "images.unsplash.com" is not configured under images in your `next.config.js`
See more info: https://nextjs.org/docs/messages/next-image-unconfigured-host
    at Array.map (<anonymous>)
null
 ⨯ ../node_modules/.pnpm/next@14.0.0_@babel+core@7.27.4_react-dom@18.2.0_react@18.2.0__react@18.2.0/node_modules/next/dist/shared/lib/image-loader.js (41:26) @ defaultLoader
 ⨯ Error: Invalid src prop (https://images.unsplash.com/photo-1532094349884-543bc11b234d?ixlib=rb-4.0.3&auto=format&fit=crop&w=600&q=80) on `next/image`, hostname "images.unsplash.com" is not configured under images in your `next.config.js`
See more info: https://nextjs.org/docs/messages/next-image-unconfigured-host
    at Array.map (<anonymous>)
null
 ⨯ ../node_modules/.pnpm/next@14.0.0_@babel+core@7.27.4_react-dom@18.2.0_react@18.2.0__react@18.2.0/node_modules/next/dist/shared/lib/image-loader.js (41:26) @ defaultLoader
 ⨯ Error: Invalid src prop (https://images.unsplash.com/photo-1481627834876-b7833e8f5570?ixlib=rb-4.0.3&auto=format&fit=crop&w=600&q=80) on `next/image`, hostname "images.unsplash.com" is not configured under images in your `next.config.js`
See more info: https://nextjs.org/docs/messages/next-image-unconfigured-host
    at Array.map (<anonymous>)
null
 ⨯ ../node_modules/.pnpm/next@14.0.0_@babel+core@7.27.4_react-dom@18.2.0_react@18.2.0__react@18.2.0/node_modules/next/dist/shared/lib/image-loader.js (41:26) @ defaultLoader
 ⨯ Error: Invalid src prop (https://images.unsplash.com/photo-1481627834876-b7833e8f5570?ixlib=rb-4.0.3&auto=format&fit=crop&w=600&q=80) on `next/image`, hostname "images.unsplash.com" is not configured under images in your `next.config.js`
See more info: https://nextjs.org/docs/messages/next-image-unconfigured-host
    at Array.map (<anonymous>)
null
 ⨯ ../node_modules/.pnpm/next@14.0.0_@babel+core@7.27.4_react-dom@18.2.0_react@18.2.0__react@18.2.0/node_modules/next/dist/shared/lib/image-loader.js (41:26) @ defaultLoader
 ⨯ Error: Invalid src prop (https://images.unsplash.com/photo-1532094349884-543bc11b234d?ixlib=rb-4.0.3&auto=format&fit=crop&w=600&q=80) on `next/image`, hostname "images.unsplash.com" is not configured under images in your `next.config.js`
See more info: https://nextjs.org/docs/messages/next-image-unconfigured-host
    at Array.map (<anonymous>)
null
Redirect callback - URL: http://localhost:3001/auth/signin Base URL: http://localhost:3001
Session callback - Creating session for: student1@lynxacademy.co.za
Redirect callback - URL: http://localhost:3001/auth/signin Base URL: http://localhost:3001
Session callback - Creating session for: student1@lynxacademy.co.za
Redirect callback - URL: http://localhost:3001/auth/signin Base URL: http://localhost:3001
Session callback - Creating session for: student1@lynxacademy.co.za
Redirect callback - URL: http://localhost:3001/auth/signin Base URL: http://localhost:3001
Session callback - Creating session for: student1@lynxacademy.co.za
Redirect callback - URL: http://localhost:3001/auth/signin Base URL: http://localhost:3001
Session callback - Creating session for: student1@lynxacademy.co.za
Redirect callback - URL: http://localhost:3001/auth/signin Base URL: http://localhost:3001
Session callback - Creating session for: student1@lynxacademy.co.za
Redirect callback - URL: http://localhost:3001/auth/signin Base URL: http://localhost:3001
Session callback - Creating session for: student1@lynxacademy.co.za
Redirect callback - URL: http://localhost:3001/auth/signin Base URL: http://localhost:3001
Session callback - Creating session for: student1@lynxacademy.co.za
Redirect callback - URL: http://localhost:3001/auth/signin Base URL: http://localhost:3001
Session callback - Creating session for: student1@lynxacademy.co.za
Redirect callback - URL: http://localhost:3001/auth/signin Base URL: http://localhost:3001
Session callback - Creating session for: student1@lynxacademy.co.za
Redirect callback - URL: http://localhost:3001/auth/signin Base URL: http://localhost:3001
Session callback - Creating session for: student1@lynxacademy.co.za
Redirect callback - URL: http://localhost:3001/auth/signin Base URL: http://localhost:3001
Session callback - Creating session for: student1@lynxacademy.co.za
Warning: React.jsx: type is invalid -- expected a string (for built-in components) or a class/function (for composite components) but got: object. You likely forgot to export your component from the file it's defined in, or you might have mixed up default and named imports.

Check your code at page.tsx:6.
    at CoursesPage
    at StaticGenerationSearchParamsBailoutProvider (webpack-internal:///(ssr)/../../node_modules/.pnpm/next@14.0.0_@babel+core@7.27.4_react-dom@18.2.0_react@18.2.0__react@18.2.0/node_modules/next/dist/client/components/static-generation-searchparams-bailout-provider.js:15:11)
    at Lazy
    at InnerLayoutRouter (webpack-internal:///(ssr)/../../node_modules/.pnpm/next@14.0.0_@babel+core@7.27.4_react-dom@18.2.0_react@18.2.0__react@18.2.0/node_modules/next/dist/client/components/layout-router.js:240:11)
    at RedirectErrorBoundary (webpack-internal:///(ssr)/../../node_modules/.pnpm/next@14.0.0_@babel+core@7.27.4_react-dom@18.2.0_react@18.2.0__react@18.2.0/node_modules/next/dist/client/components/redirect-boundary.js:71:9)
    at RedirectBoundary (webpack-internal:///(ssr)/../../node_modules/.pnpm/next@14.0.0_@babel+core@7.27.4_react-dom@18.2.0_react@18.2.0__react@18.2.0/node_modules/next/dist/client/components/redirect-boundary.js:79:11)
    at NotFoundBoundary (webpack-internal:///(ssr)/../../node_modules/.pnpm/next@14.0.0_@babel+core@7.27.4_react-dom@18.2.0_react@18.2.0__react@18.2.0/node_modules/next/dist/client/components/not-found-boundary.js:62:11)
    at LoadingBoundary (webpack-internal:///(ssr)/../../node_modules/.pnpm/next@14.0.0_@babel+core@7.27.4_react-dom@18.2.0_react@18.2.0__react@18.2.0/node_modules/next/dist/client/components/layout-router.js:336:11)
    at ErrorBoundary (webpack-internal:///(ssr)/../../node_modules/.pnpm/next@14.0.0_@babel+core@7.27.4_react-dom@18.2.0_react@18.2.0__react@18.2.0/node_modules/next/dist/client/components/error-boundary.js:128:11)
    at InnerScrollAndFocusHandler (webpack-internal:///(ssr)/../../node_modules/.pnpm/next@14.0.0_@babel+core@7.27.4_react-dom@18.2.0_react@18.2.0__react@18.2.0/node_modules/next/dist/client/components/layout-router.js:152:9)
    at ScrollAndFocusHandler (webpack-internal:///(ssr)/../../node_modules/.pnpm/next@14.0.0_@babel+core@7.27.4_react-dom@18.2.0_react@18.2.0__react@18.2.0/node_modules/next/dist/client/components/layout-router.js:227:11)
    at RenderFromTemplateContext (webpack-internal:///(ssr)/../../node_modules/.pnpm/next@14.0.0_@babel+core@7.27.4_react-dom@18.2.0_react@18.2.0__react@18.2.0/node_modules/next/dist/client/components/render-from-template-context.js:15:44)
    at Lazy
    at OuterLayoutRouter (webpack-internal:///(ssr)/../../node_modules/.pnpm/next@14.0.0_@babel+core@7.27.4_react-dom@18.2.0_react@18.2.0__react@18.2.0/node_modules/next/dist/client/components/layout-router.js:345:11)
    at Lazy
    at InnerLayoutRouter (webpack-internal:///(ssr)/../../node_modules/.pnpm/next@14.0.0_@babel+core@7.27.4_react-dom@18.2.0_react@18.2.0__react@18.2.0/node_modules/next/dist/client/components/layout-router.js:240:11)
    at RedirectErrorBoundary (webpack-internal:///(ssr)/../../node_modules/.pnpm/next@14.0.0_@babel+core@7.27.4_react-dom@18.2.0_react@18.2.0__react@18.2.0/node_modules/next/dist/client/components/redirect-boundary.js:71:9)
    at RedirectBoundary (webpack-internal:///(ssr)/../../node_modules/.pnpm/next@14.0.0_@babel+core@7.27.4_react-dom@18.2.0_react@18.2.0__react@18.2.0/node_modules/next/dist/client/components/redirect-boundary.js:79:11)
    at NotFoundErrorBoundary (webpack-internal:///(ssr)/../../node_modules/.pnpm/next@14.0.0_@babel+core@7.27.4_react-dom@18.2.0_react@18.2.0__react@18.2.0/node_modules/next/dist/client/components/not-found-boundary.js:54:9)
    at NotFoundBoundary (webpack-internal:///(ssr)/../../node_modules/.pnpm/next@14.0.0_@babel+core@7.27.4_react-dom@18.2.0_react@18.2.0__react@18.2.0/node_modules/next/dist/client/components/not-found-boundary.js:62:11)
    at LoadingBoundary (webpack-internal:///(ssr)/../../node_modules/.pnpm/next@14.0.0_@babel+core@7.27.4_react-dom@18.2.0_react@18.2.0__react@18.2.0/node_modules/next/dist/client/components/layout-router.js:336:11)
    at ErrorBoundary (webpack-internal:///(ssr)/../../node_modules/.pnpm/next@14.0.0_@babel+core@7.27.4_react-dom@18.2.0_react@18.2.0__react@18.2.0/node_modules/next/dist/client/components/error-boundary.js:128:11)
    at InnerScrollAndFocusHandler (webpack-internal:///(ssr)/../../node_modules/.pnpm/next@14.0.0_@babel+core@7.27.4_react-dom@18.2.0_react@18.2.0__react@18.2.0/node_modules/next/dist/client/components/layout-router.js:152:9)
    at ScrollAndFocusHandler (webpack-internal:///(ssr)/../../node_modules/.pnpm/next@14.0.0_@babel+core@7.27.4_react-dom@18.2.0_react@18.2.0__react@18.2.0/node_modules/next/dist/client/components/layout-router.js:227:11)
    at RenderFromTemplateContext (webpack-internal:///(ssr)/../../node_modules/.pnpm/next@14.0.0_@babel+core@7.27.4_react-dom@18.2.0_react@18.2.0__react@18.2.0/node_modules/next/dist/client/components/render-from-template-context.js:15:44)
    at Lazy
    at OuterLayoutRouter (webpack-internal:///(ssr)/../../node_modules/.pnpm/next@14.0.0_@babel+core@7.27.4_react-dom@18.2.0_react@18.2.0__react@18.2.0/node_modules/next/dist/client/components/layout-router.js:345:11)
    at Lazy
    at main
    at div
    at div
    at ErrorBoundary (webpack-internal:///(ssr)/./components/error/ErrorBoundary.tsx:222:9)
    at ThemeProvider (webpack-internal:///(ssr)/./components/theme/theme-provider.tsx:13:26)
    at LayoutContent (webpack-internal:///(ssr)/./app/layout.tsx:37:26)
    at body
    at html
    at SessionProvider (webpack-internal:///(ssr)/../../node_modules/.pnpm/next-auth@4.24.11_next@14.0.0_@babel+core@7.27.4_react-dom@18.2.0_react@18.2.0__react@1_e2cd924e0925d5f7dad23222937f15c8/node_modules/next-auth/react/index.js:364:24)
    at Layout (webpack-internal:///(ssr)/./app/layout.tsx:442:19)
    at Lazy
    at RedirectErrorBoundary (webpack-internal:///(ssr)/../../node_modules/.pnpm/next@14.0.0_@babel+core@7.27.4_react-dom@18.2.0_react@18.2.0__react@18.2.0/node_modules/next/dist/client/components/redirect-boundary.js:71:9)
    at RedirectBoundary (webpack-internal:///(ssr)/../../node_modules/.pnpm/next@14.0.0_@babel+core@7.27.4_react-dom@18.2.0_react@18.2.0__react@18.2.0/node_modules/next/dist/client/components/redirect-boundary.js:79:11)
    at ReactDevOverlay (webpack-internal:///(ssr)/../../node_modules/.pnpm/next@14.0.0_@babel+core@7.27.4_react-dom@18.2.0_react@18.2.0__react@18.2.0/node_modules/next/dist/client/components/react-dev-overlay/internal/ReactDevOverlay.js:66:9)
    at HotReload (webpack-internal:///(ssr)/../../node_modules/.pnpm/next@14.0.0_@babel+core@7.27.4_react-dom@18.2.0_react@18.2.0__react@18.2.0/node_modules/next/dist/client/components/react-dev-overlay/hot-reloader-client.js:298:11)
    at Router (webpack-internal:///(ssr)/../../node_modules/.pnpm/next@14.0.0_@babel+core@7.27.4_react-dom@18.2.0_react@18.2.0__react@18.2.0/node_modules/next/dist/client/components/app-router.js:154:11)
    at ErrorBoundaryHandler (webpack-internal:///(ssr)/../../node_modules/.pnpm/next@14.0.0_@babel+core@7.27.4_react-dom@18.2.0_react@18.2.0__react@18.2.0/node_modules/next/dist/client/components/error-boundary.js:99:9)
    at ErrorBoundary (webpack-internal:///(ssr)/../../node_modules/.pnpm/next@14.0.0_@babel+core@7.27.4_react-dom@18.2.0_react@18.2.0__react@18.2.0/node_modules/next/dist/client/components/error-boundary.js:128:11)
    at AppRouter (webpack-internal:///(ssr)/../../node_modules/.pnpm/next@14.0.0_@babel+core@7.27.4_react-dom@18.2.0_react@18.2.0__react@18.2.0/node_modules/next/dist/client/components/app-router.js:426:13)
    at Lazy
    at Lazy
    at /Users/derahmanyelo/Documents/GitHub/EduLynx/node_modules/.pnpm/next@14.0.0_@babel+core@7.27.4_react-dom@18.2.0_react@18.2.0__react@18.2.0/node_modules/next/dist/compiled/next-server/app-page.runtime.dev.js:35:374733
    at /Users/derahmanyelo/Documents/GitHub/EduLynx/node_modules/.pnpm/next@14.0.0_@babel+core@7.27.4_react-dom@18.2.0_react@18.2.0__react@18.2.0/node_modules/next/dist/compiled/next-server/app-page.runtime.dev.js:35:374733
    at ServerInsertedHTMLProvider (/Users/derahmanyelo/Documents/GitHub/EduLynx/node_modules/.pnpm/next@14.0.0_@babel+core@7.27.4_react-dom@18.2.0_react@18.2.0__react@18.2.0/node_modules/next/dist/compiled/next-server/app-page.runtime.dev.js:38:23140)
 ⨯ Internal error: Error: Element type is invalid: expected a string (for built-in components) or a class/function (for composite components) but got: object. You likely forgot to export your component from the file it's defined in, or you might have mixed up default and named imports.
    at ap (/Users/derahmanyelo/Documents/GitHub/EduLynx/node_modules/.pnpm/next@14.0.0_@babel+core@7.27.4_react-dom@18.2.0_react@18.2.0__react@18.2.0/node_modules/next/dist/compiled/next-server/app-page.runtime.dev.js:35:42842)
    at e (/Users/derahmanyelo/Documents/GitHub/EduLynx/node_modules/.pnpm/next@14.0.0_@babel+core@7.27.4_react-dom@18.2.0_react@18.2.0__react@18.2.0/node_modules/next/dist/compiled/next-server/app-page.runtime.dev.js:35:45795)
    at ah (/Users/derahmanyelo/Documents/GitHub/EduLynx/node_modules/.pnpm/next@14.0.0_@babel+core@7.27.4_react-dom@18.2.0_react@18.2.0__react@18.2.0/node_modules/next/dist/compiled/next-server/app-page.runtime.dev.js:35:47773)
    at ac (/Users/derahmanyelo/Documents/GitHub/EduLynx/node_modules/.pnpm/next@14.0.0_@babel+core@7.27.4_react-dom@18.2.0_react@18.2.0__react@18.2.0/node_modules/next/dist/compiled/next-server/app-page.runtime.dev.js:35:7923)
    at /Users/derahmanyelo/Documents/GitHub/EduLynx/node_modules/.pnpm/next@14.0.0_@babel+core@7.27.4_react-dom@18.2.0_react@18.2.0__react@18.2.0/node_modules/next/dist/compiled/next-server/app-page.runtime.dev.js:35:13014
    at ap (/Users/derahmanyelo/Documents/GitHub/EduLynx/node_modules/.pnpm/next@14.0.0_@babel+core@7.27.4_react-dom@18.2.0_react@18.2.0__react@18.2.0/node_modules/next/dist/compiled/next-server/app-page.runtime.dev.js:35:13038)
    at e (/Users/derahmanyelo/Documents/GitHub/EduLynx/node_modules/.pnpm/next@14.0.0_@babel+core@7.27.4_react-dom@18.2.0_react@18.2.0__react@18.2.0/node_modules/next/dist/compiled/next-server/app-page.runtime.dev.js:35:45795)
    at ah (/Users/derahmanyelo/Documents/GitHub/EduLynx/node_modules/.pnpm/next@14.0.0_@babel+core@7.27.4_react-dom@18.2.0_react@18.2.0__react@18.2.0/node_modules/next/dist/compiled/next-server/app-page.runtime.dev.js:35:47773)
    at ac (/Users/derahmanyelo/Documents/GitHub/EduLynx/node_modules/.pnpm/next@14.0.0_@babel+core@7.27.4_react-dom@18.2.0_react@18.2.0__react@18.2.0/node_modules/next/dist/compiled/next-server/app-page.runtime.dev.js:35:7923)
    at /Users/derahmanyelo/Documents/GitHub/EduLynx/node_modules/.pnpm/next@14.0.0_@babel+core@7.27.4_react-dom@18.2.0_react@18.2.0__react@18.2.0/node_modules/next/dist/compiled/next-server/app-page.runtime.dev.js:35:13014
    at ap (/Users/derahmanyelo/Documents/GitHub/EduLynx/node_modules/.pnpm/next@14.0.0_@babel+core@7.27.4_react-dom@18.2.0_react@18.2.0__react@18.2.0/node_modules/next/dist/compiled/next-server/app-page.runtime.dev.js:35:13038)
    at ap (/Users/derahmanyelo/Documents/GitHub/EduLynx/node_modules/.pnpm/next@14.0.0_@babel+core@7.27.4_react-dom@18.2.0_react@18.2.0__react@18.2.0/node_modules/next/dist/compiled/next-server/app-page.runtime.dev.js:35:42585)
    at e (/Users/derahmanyelo/Documents/GitHub/EduLynx/node_modules/.pnpm/next@14.0.0_@babel+core@7.27.4_react-dom@18.2.0_react@18.2.0__react@18.2.0/node_modules/next/dist/compiled/next-server/app-page.runtime.dev.js:35:45795)
    at ah (/Users/derahmanyelo/Documents/GitHub/EduLynx/node_modules/.pnpm/next@14.0.0_@babel+core@7.27.4_react-dom@18.2.0_react@18.2.0__react@18.2.0/node_modules/next/dist/compiled/next-server/app-page.runtime.dev.js:35:47773)
    at am (/Users/derahmanyelo/Documents/GitHub/EduLynx/node_modules/.pnpm/next@14.0.0_@babel+core@7.27.4_react-dom@18.2.0_react@18.2.0__react@18.2.0/node_modules/next/dist/compiled/next-server/app-page.runtime.dev.js:35:49662)
    at ay (/Users/derahmanyelo/Documents/GitHub/EduLynx/node_modules/.pnpm/next@14.0.0_@babel+core@7.27.4_react-dom@18.2.0_react@18.2.0__react@18.2.0/node_modules/next/dist/compiled/next-server/app-page.runtime.dev.js:35:48903)
    at e (/Users/derahmanyelo/Documents/GitHub/EduLynx/node_modules/.pnpm/next@14.0.0_@babel+core@7.27.4_react-dom@18.2.0_react@18.2.0__react@18.2.0/node_modules/next/dist/compiled/next-server/app-page.runtime.dev.js:35:46144)
    at ah (/Users/derahmanyelo/Documents/GitHub/EduLynx/node_modules/.pnpm/next@14.0.0_@babel+core@7.27.4_react-dom@18.2.0_react@18.2.0__react@18.2.0/node_modules/next/dist/compiled/next-server/app-page.runtime.dev.js:35:47773)
    at ap (/Users/derahmanyelo/Documents/GitHub/EduLynx/node_modules/.pnpm/next@14.0.0_@babel+core@7.27.4_react-dom@18.2.0_react@18.2.0__react@18.2.0/node_modules/next/dist/compiled/next-server/app-page.runtime.dev.js:35:41224)
    at e (/Users/derahmanyelo/Documents/GitHub/EduLynx/node_modules/.pnpm/next@14.0.0_@babel+core@7.27.4_react-dom@18.2.0_react@18.2.0__react@18.2.0/node_modules/next/dist/compiled/next-server/app-page.runtime.dev.js:35:45795)
    at ah (/Users/derahmanyelo/Documents/GitHub/EduLynx/node_modules/.pnpm/next@14.0.0_@babel+core@7.27.4_react-dom@18.2.0_react@18.2.0__react@18.2.0/node_modules/next/dist/compiled/next-server/app-page.runtime.dev.js:35:47773)
    at ac (/Users/derahmanyelo/Documents/GitHub/EduLynx/node_modules/.pnpm/next@14.0.0_@babel+core@7.27.4_react-dom@18.2.0_react@18.2.0__react@18.2.0/node_modules/next/dist/compiled/next-server/app-page.runtime.dev.js:35:7923)
    at /Users/derahmanyelo/Documents/GitHub/EduLynx/node_modules/.pnpm/next@14.0.0_@babel+core@7.27.4_react-dom@18.2.0_react@18.2.0__react@18.2.0/node_modules/next/dist/compiled/next-server/app-page.runtime.dev.js:35:13014
    at ap (/Users/derahmanyelo/Documents/GitHub/EduLynx/node_modules/.pnpm/next@14.0.0_@babel+core@7.27.4_react-dom@18.2.0_react@18.2.0__react@18.2.0/node_modules/next/dist/compiled/next-server/app-page.runtime.dev.js:35:13038)
    at e (/Users/derahmanyelo/Documents/GitHub/EduLynx/node_modules/.pnpm/next@14.0.0_@babel+core@7.27.4_react-dom@18.2.0_react@18.2.0__react@18.2.0/node_modules/next/dist/compiled/next-server/app-page.runtime.dev.js:35:45795)
    at ah (/Users/derahmanyelo/Documents/GitHub/EduLynx/node_modules/.pnpm/next@14.0.0_@babel+core@7.27.4_react-dom@18.2.0_react@18.2.0__react@18.2.0/node_modules/next/dist/compiled/next-server/app-page.runtime.dev.js:35:47773)
    at ae (/Users/derahmanyelo/Documents/GitHub/EduLynx/node_modules/.pnpm/next@14.0.0_@babel+core@7.27.4_react-dom@18.2.0_react@18.2.0__react@18.2.0/node_modules/next/dist/compiled/next-server/app-page.runtime.dev.js:35:7504)
    at ap (/Users/derahmanyelo/Documents/GitHub/EduLynx/node_modules/.pnpm/next@14.0.0_@babel+core@7.27.4_react-dom@18.2.0_react@18.2.0__react@18.2.0/node_modules/next/dist/compiled/next-server/app-page.runtime.dev.js:35:10920)
    at e (/Users/derahmanyelo/Documents/GitHub/EduLynx/node_modules/.pnpm/next@14.0.0_@babel+core@7.27.4_react-dom@18.2.0_react@18.2.0__react@18.2.0/node_modules/next/dist/compiled/next-server/app-page.runtime.dev.js:35:45795)
    at ah (/Users/derahmanyelo/Documents/GitHub/EduLynx/node_modules/.pnpm/next@14.0.0_@babel+core@7.27.4_react-dom@18.2.0_react@18.2.0__react@18.2.0/node_modules/next/dist/compiled/next-server/app-page.runtime.dev.js:35:47773)
    at ac (/Users/derahmanyelo/Documents/GitHub/EduLynx/node_modules/.pnpm/next@14.0.0_@babel+core@7.27.4_react-dom@18.2.0_react@18.2.0__react@18.2.0/node_modules/next/dist/compiled/next-server/app-page.runtime.dev.js:35:7923)
    at /Users/derahmanyelo/Documents/GitHub/EduLynx/node_modules/.pnpm/next@14.0.0_@babel+core@7.27.4_react-dom@18.2.0_react@18.2.0__react@18.2.0/node_modules/next/dist/compiled/next-server/app-page.runtime.dev.js:35:13014
    at ap (/Users/derahmanyelo/Documents/GitHub/EduLynx/node_modules/.pnpm/next@14.0.0_@babel+core@7.27.4_react-dom@18.2.0_react@18.2.0__react@18.2.0/node_modules/next/dist/compiled/next-server/app-page.runtime.dev.js:35:13038)
    at e (/Users/derahmanyelo/Documents/GitHub/EduLynx/node_modules/.pnpm/next@14.0.0_@babel+core@7.27.4_react-dom@18.2.0_react@18.2.0__react@18.2.0/node_modules/next/dist/compiled/next-server/app-page.runtime.dev.js:35:45795)
    at ah (/Users/derahmanyelo/Documents/GitHub/EduLynx/node_modules/.pnpm/next@14.0.0_@babel+core@7.27.4_react-dom@18.2.0_react@18.2.0__react@18.2.0/node_modules/next/dist/compiled/next-server/app-page.runtime.dev.js:35:47773)
    at ap (/Users/derahmanyelo/Documents/GitHub/EduLynx/node_modules/.pnpm/next@14.0.0_@babel+core@7.27.4_react-dom@18.2.0_react@18.2.0__react@18.2.0/node_modules/next/dist/compiled/next-server/app-page.runtime.dev.js:35:39008)
    at e (/Users/derahmanyelo/Documents/GitHub/EduLynx/node_modules/.pnpm/next@14.0.0_@babel+core@7.27.4_react-dom@18.2.0_react@18.2.0__react@18.2.0/node_modules/next/dist/compiled/next-server/app-page.runtime.dev.js:35:45795)
    at ah (/Users/derahmanyelo/Documents/GitHub/EduLynx/node_modules/.pnpm/next@14.0.0_@babel+core@7.27.4_react-dom@18.2.0_react@18.2.0__react@18.2.0/node_modules/next/dist/compiled/next-server/app-page.runtime.dev.js:35:47773)
    at ac (/Users/derahmanyelo/Documents/GitHub/EduLynx/node_modules/.pnpm/next@14.0.0_@babel+core@7.27.4_react-dom@18.2.0_react@18.2.0__react@18.2.0/node_modules/next/dist/compiled/next-server/app-page.runtime.dev.js:35:7923)
    at /Users/derahmanyelo/Documents/GitHub/EduLynx/node_modules/.pnpm/next@14.0.0_@babel+core@7.27.4_react-dom@18.2.0_react@18.2.0__react@18.2.0/node_modules/next/dist/compiled/next-server/app-page.runtime.dev.js:35:13014
    at ap (/Users/derahmanyelo/Documents/GitHub/EduLynx/node_modules/.pnpm/next@14.0.0_@babel+core@7.27.4_react-dom@18.2.0_react@18.2.0__react@18.2.0/node_modules/next/dist/compiled/next-server/app-page.runtime.dev.js:35:13038)
    at e (/Users/derahmanyelo/Documents/GitHub/EduLynx/node_modules/.pnpm/next@14.0.0_@babel+core@7.27.4_react-dom@18.2.0_react@18.2.0__react@18.2.0/node_modules/next/dist/compiled/next-server/app-page.runtime.dev.js:35:45795)
    at ah (/Users/derahmanyelo/Documents/GitHub/EduLynx/node_modules/.pnpm/next@14.0.0_@babel+core@7.27.4_react-dom@18.2.0_react@18.2.0__react@18.2.0/node_modules/next/dist/compiled/next-server/app-page.runtime.dev.js:35:47773)
    at ap (/Users/derahmanyelo/Documents/GitHub/EduLynx/node_modules/.pnpm/next@14.0.0_@babel+core@7.27.4_react-dom@18.2.0_react@18.2.0__react@18.2.0/node_modules/next/dist/compiled/next-server/app-page.runtime.dev.js:35:39008)
    at e (/Users/derahmanyelo/Documents/GitHub/EduLynx/node_modules/.pnpm/next@14.0.0_@babel+core@7.27.4_react-dom@18.2.0_react@18.2.0__react@18.2.0/node_modules/next/dist/compiled/next-server/app-page.runtime.dev.js:35:45795)
    at ah (/Users/derahmanyelo/Documents/GitHub/EduLynx/node_modules/.pnpm/next@14.0.0_@babel+core@7.27.4_react-dom@18.2.0_react@18.2.0__react@18.2.0/node_modules/next/dist/compiled/next-server/app-page.runtime.dev.js:35:47773)
    at ac (/Users/derahmanyelo/Documents/GitHub/EduLynx/node_modules/.pnpm/next@14.0.0_@babel+core@7.27.4_react-dom@18.2.0_react@18.2.0__react@18.2.0/node_modules/next/dist/compiled/next-server/app-page.runtime.dev.js:35:7923)
    at /Users/derahmanyelo/Documents/GitHub/EduLynx/node_modules/.pnpm/next@14.0.0_@babel+core@7.27.4_react-dom@18.2.0_react@18.2.0__react@18.2.0/node_modules/next/dist/compiled/next-server/app-page.runtime.dev.js:35:13014
    at ap (/Users/derahmanyelo/Documents/GitHub/EduLynx/node_modules/.pnpm/next@14.0.0_@babel+core@7.27.4_react-dom@18.2.0_react@18.2.0__react@18.2.0/node_modules/next/dist/compiled/next-server/app-page.runtime.dev.js:35:13038)
    at e (/Users/derahmanyelo/Documents/GitHub/EduLynx/node_modules/.pnpm/next@14.0.0_@babel+core@7.27.4_react-dom@18.2.0_react@18.2.0__react@18.2.0/node_modules/next/dist/compiled/next-server/app-page.runtime.dev.js:35:45795)
 ⨯ ../node_modules/.pnpm/next@14.0.0_@babel+core@7.27.4_react-dom@18.2.0_react@18.2.0__react@18.2.0/node_modules/next/dist/shared/lib/image-loader.js (41:26) @ defaultLoader
 ⨯ Error: Invalid src prop (https://images.unsplash.com/photo-1559757148-5c350d0d3c56?ixlib=rb-4.0.3&auto=format&fit=crop&w=600&q=80) on `next/image`, hostname "images.unsplash.com" is not configured under images in your `next.config.js`
See more info: https://nextjs.org/docs/messages/next-image-unconfigured-host
    at Array.map (<anonymous>)
null
 ⨯ ../node_modules/.pnpm/next@14.0.0_@babel+core@7.27.4_react-dom@18.2.0_react@18.2.0__react@18.2.0/node_modules/next/dist/shared/lib/image-loader.js (41:26) @ defaultLoader
 ⨯ Error: Invalid src prop (https://images.unsplash.com/photo-1596495578065-6e0763fa1178?ixlib=rb-4.0.3&auto=format&fit=crop&w=600&q=80) on `next/image`, hostname "images.unsplash.com" is not configured under images in your `next.config.js`
See more info: https://nextjs.org/docs/messages/next-image-unconfigured-host
    at Array.map (<anonymous>)
null
 ⨯ ../node_modules/.pnpm/next@14.0.0_@babel+core@7.27.4_react-dom@18.2.0_react@18.2.0__react@18.2.0/node_modules/next/dist/shared/lib/image-loader.js (41:26) @ defaultLoader
 ⨯ Error: Invalid src prop (https://images.unsplash.com/photo-1559757148-5c350d0d3c56?ixlib=rb-4.0.3&auto=format&fit=crop&w=600&q=80) on `next/image`, hostname "images.unsplash.com" is not configured under images in your `next.config.js`
See more info: https://nextjs.org/docs/messages/next-image-unconfigured-host
    at Array.map (<anonymous>)
null
 ⨯ ../node_modules/.pnpm/next@14.0.0_@babel+core@7.27.4_react-dom@18.2.0_react@18.2.0__react@18.2.0/node_modules/next/dist/shared/lib/image-loader.js (41:26) @ defaultLoader
 ⨯ Error: Invalid src prop (https://images.unsplash.com/photo-1481627834876-b7833e8f5570?ixlib=rb-4.0.3&auto=format&fit=crop&w=600&q=80) on `next/image`, hostname "images.unsplash.com" is not configured under images in your `next.config.js`
See more info: https://nextjs.org/docs/messages/next-image-unconfigured-host
    at Array.map (<anonymous>)
null
 ⨯ ../node_modules/.pnpm/next@14.0.0_@babel+core@7.27.4_react-dom@18.2.0_react@18.2.0__react@18.2.0/node_modules/next/dist/shared/lib/image-loader.js (41:26) @ defaultLoader
 ⨯ Error: Invalid src prop (https://images.unsplash.com/photo-1596495578065-6e0763fa1178?ixlib=rb-4.0.3&auto=format&fit=crop&w=600&q=80) on `next/image`, hostname "images.unsplash.com" is not configured under images in your `next.config.js`
See more info: https://nextjs.org/docs/messages/next-image-unconfigured-host
    at Array.map (<anonymous>)
null
 ⨯ ../node_modules/.pnpm/next@14.0.0_@babel+core@7.27.4_react-dom@18.2.0_react@18.2.0__react@18.2.0/node_modules/next/dist/shared/lib/image-loader.js (41:26) @ defaultLoader
 ⨯ Error: Invalid src prop (https://images.unsplash.com/photo-1596495578065-6e0763fa1178?ixlib=rb-4.0.3&auto=format&fit=crop&w=600&q=80) on `next/image`, hostname "images.unsplash.com" is not configured under images in your `next.config.js`
See more info: https://nextjs.org/docs/messages/next-image-unconfigured-host
    at Array.map (<anonymous>)
null
Redirect callback - URL: http://localhost:3001/auth/signin Base URL: http://localhost:3001
Session callback - Creating session for: student1@lynxacademy.co.za
Redirect callback - URL: http://localhost:3001/auth/signin Base URL: http://localhost:3001
Session callback - Creating session for: student1@lynxacademy.co.za
Redirect callback - URL: http://localhost:3001/auth/signin Base URL: http://localhost:3001
Session callback - Creating session for: student1@lynxacademy.co.za
Redirect callback - URL: http://localhost:3001/auth/signin Base URL: http://localhost:3001
Session callback - Creating session for: student1@lynxacademy.co.za
 ✓ Compiled in 3.6s (1779 modules)
 ○ Compiling /api/auth/[...nextauth]/route ...
 ✓ Compiled /api/auth/[...nextauth]/route in 817ms (1028 modules)
[next-auth][warn][DEBUG_ENABLED] 
https://next-auth.js.org/warnings#debug_enabled
Redirect callback - URL: http://localhost:3001/auth/signin Base URL: http://localhost:3001
Session callback - Creating session for: student1@lynxacademy.co.za
 ⨯ Error: The default export is not a React Component in page: "/ai-tutor"
    at async Promise.all (index 0)
    at async Promise.all (index 0)
 ⨯ Error: The default export is not a React Component in page: "/ai-tutor"
    at async Promise.all (index 0)
    at async Promise.all (index 0)
digest: "1209951696"
Redirect callback - URL: http://localhost:3001/auth/signin Base URL: http://localhost:3001
Redirect callback - URL: http://localhost:3001/auth/signin Base URL: http://localhost:3001
Session callback - Creating session for: student1@lynxacademy.co.za
Redirect callback - URL: http://localhost:3001/auth/signin Base URL: http://localhost:3001
Session callback - Creating session for: student1@lynxacademy.co.za
Redirect callback - URL: http://localhost:3001/auth/signin Base URL: http://localhost:3001
Session callback - Creating session for: student1@lynxacademy.co.za
Redirect callback - URL: http://localhost:3001/auth/signin Base URL: http://localhost:3001
Session callback - Creating session for: student1@lynxacademy.co.za
Redirect callback - URL: http://localhost:3001/auth/signin Base URL: http://localhost:3001
Session callback - Creating session for: student1@lynxacademy.co.za
 ○ Compiling /courses/[id]/page ...
 ✓ Compiled /courses/[id]/page in 863ms (1062 modules)
[next-auth][warn][DEBUG_ENABLED] 
https://next-auth.js.org/warnings#debug_enabled
Redirect callback - URL: http://localhost:3001/auth/signin Base URL: http://localhost:3001
Session callback - Creating session for: student1@lynxacademy.co.za
 ⨯ ../node_modules/.pnpm/next@14.0.0_@babel+core@7.27.4_react-dom@18.2.0_react@18.2.0__react@18.2.0/node_modules/next/dist/shared/lib/image-loader.js (41:26) @ defaultLoader
 ⨯ Error: Invalid src prop (https://images.unsplash.com/photo-1596495578065-6e0763fa1178?ixlib=rb-4.0.3&auto=format&fit=crop&w=600&q=80) on `next/image`, hostname "images.unsplash.com" is not configured under images in your `next.config.js`
See more info: https://nextjs.org/docs/messages/next-image-unconfigured-host
    at Array.map (<anonymous>)
null
 ⨯ ../node_modules/.pnpm/next@14.0.0_@babel+core@7.27.4_react-dom@18.2.0_react@18.2.0__react@18.2.0/node_modules/next/dist/shared/lib/image-loader.js (41:26) @ defaultLoader
 ⨯ Error: Invalid src prop (https://images.unsplash.com/photo-1596495578065-6e0763fa1178?ixlib=rb-4.0.3&auto=format&fit=crop&w=600&q=80) on `next/image`, hostname "images.unsplash.com" is not configured under images in your `next.config.js`
See more info: https://nextjs.org/docs/messages/next-image-unconfigured-host
    at Array.map (<anonymous>)
null
 ⨯ ../node_modules/.pnpm/next@14.0.0_@babel+core@7.27.4_react-dom@18.2.0_react@18.2.0__react@18.2.0/node_modules/next/dist/shared/lib/image-loader.js (41:26) @ defaultLoader
 ⨯ Error: Invalid src prop (https://images.unsplash.com/photo-1596495578065-6e0763fa1178?ixlib=rb-4.0.3&auto=format&fit=crop&w=600&q=80) on `next/image`, hostname "images.unsplash.com" is not configured under images in your `next.config.js`
See more info: https://nextjs.org/docs/messages/next-image-unconfigured-host
    at Array.map (<anonymous>)
null
Redirect callback - URL: http://localhost:3001/auth/signin Base URL: http://localhost:3001
Session callback - Creating session for: student1@lynxacademy.co.za
 ⨯ ../node_modules/.pnpm/next@14.0.0_@babel+core@7.27.4_react-dom@18.2.0_react@18.2.0__react@18.2.0/node_modules/next/dist/shared/lib/image-loader.js (41:26) @ defaultLoader
 ⨯ Error: Invalid src prop (https://images.unsplash.com/photo-1559757148-5c350d0d3c56?ixlib=rb-4.0.3&auto=format&fit=crop&w=600&q=80) on `next/image`, hostname "images.unsplash.com" is not configured under images in your `next.config.js`
See more info: https://nextjs.org/docs/messages/next-image-unconfigured-host
    at Array.map (<anonymous>)
null
 ⨯ ../node_modules/.pnpm/next@14.0.0_@babel+core@7.27.4_react-dom@18.2.0_react@18.2.0__react@18.2.0/node_modules/next/dist/shared/lib/image-loader.js (41:26) @ defaultLoader
 ⨯ Error: Invalid src prop (https://images.unsplash.com/photo-1481627834876-b7833e8f5570?ixlib=rb-4.0.3&auto=format&fit=crop&w=600&q=80) on `next/image`, hostname "images.unsplash.com" is not configured under images in your `next.config.js`
See more info: https://nextjs.org/docs/messages/next-image-unconfigured-host
    at Array.map (<anonymous>)
null
 ⨯ ../node_modules/.pnpm/next@14.0.0_@babel+core@7.27.4_react-dom@18.2.0_react@18.2.0__react@18.2.0/node_modules/next/dist/shared/lib/image-loader.js (41:26) @ defaultLoader
 ⨯ Error: Invalid src prop (https://images.unsplash.com/photo-1532094349884-543bc11b234d?ixlib=rb-4.0.3&auto=format&fit=crop&w=600&q=80) on `next/image`, hostname "images.unsplash.com" is not configured under images in your `next.config.js`
See more info: https://nextjs.org/docs/messages/next-image-unconfigured-host
    at Array.map (<anonymous>)
null
Redirect callback - URL: http://localhost:3001/auth/signin Base URL: http://localhost:3001
Session callback - Creating session for: student1@lynxacademy.co.za
Redirect callback - URL: http://localhost:3001/auth/signin Base URL: http://localhost:3001
Session callback - Creating session for: student1@lynxacademy.co.za
Redirect callback - URL: http://localhost:3001/auth/signin Base URL: http://localhost:3001
Session callback - Creating session for: student1@lynxacademy.co.za
Redirect callback - URL: http://localhost:3001/auth/signin Base URL: http://localhost:3001
Session callback - Creating session for: student1@lynxacademy.co.za
Redirect callback - URL: http://localhost:3001/auth/signin Base URL: http://localhost:3001
Session callback - Creating session for: student1@lynxacademy.co.za
Redirect callback - URL: http://localhost:3001/auth/signin Base URL: http://localhost:3001
Session callback - Creating session for: student1@lynxacademy.co.za
 ○ Compiling /not-found ...
 ✓ Compiled /not-found in 2s (2056 modules)
 ⨯ Error: The default export is not a React Component in page: "/ai-tutor"
    at async Promise.all (index 0)
    at async Promise.all (index 0)
 ⨯ Error: The default export is not a React Component in page: "/ai-tutor"
    at async Promise.all (index 0)
    at async Promise.all (index 0)
digest: "1209951696"
[next-auth][warn][DEBUG_ENABLED] 
https://next-auth.js.org/warnings#debug_enabled
Redirect callback - URL: http://localhost:3001/auth/signin Base URL: http://localhost:3001
Session callback - Creating session for: student1@lynxacademy.co.za
 ⨯ ../node_modules/.pnpm/next@14.0.0_@babel+core@7.27.4_react-dom@18.2.0_react@18.2.0__react@18.2.0/node_modules/next/dist/shared/lib/image-loader.js (41:26) @ defaultLoader
 ⨯ Error: Invalid src prop (https://images.unsplash.com/photo-1559757148-5c350d0d3c56?ixlib=rb-4.0.3&auto=format&fit=crop&w=600&q=80) on `next/image`, hostname "images.unsplash.com" is not configured under images in your `next.config.js`
See more info: https://nextjs.org/docs/messages/next-image-unconfigured-host
    at Array.map (<anonymous>)
null
 ⨯ ../node_modules/.pnpm/next@14.0.0_@babel+core@7.27.4_react-dom@18.2.0_react@18.2.0__react@18.2.0/node_modules/next/dist/shared/lib/image-loader.js (41:26) @ defaultLoader
 ⨯ Error: Invalid src prop (https://images.unsplash.com/photo-1559757148-5c350d0d3c56?ixlib=rb-4.0.3&auto=format&fit=crop&w=600&q=80) on `next/image`, hostname "images.unsplash.com" is not configured under images in your `next.config.js`
See more info: https://nextjs.org/docs/messages/next-image-unconfigured-host
    at Array.map (<anonymous>)
null
 ⨯ ../node_modules/.pnpm/next@14.0.0_@babel+core@7.27.4_react-dom@18.2.0_react@18.2.0__react@18.2.0/node_modules/next/dist/shared/lib/image-loader.js (41:26) @ defaultLoader
 ⨯ Error: Invalid src prop (https://images.unsplash.com/photo-1559757148-5c350d0d3c56?ixlib=rb-4.0.3&auto=format&fit=crop&w=600&q=80) on `next/image`, hostname "images.unsplash.com" is not configured under images in your `next.config.js`
See more info: https://nextjs.org/docs/messages/next-image-unconfigured-host
    at Array.map (<anonymous>)
null
 ⨯ ../node_modules/.pnpm/next@14.0.0_@babel+core@7.27.4_react-dom@18.2.0_react@18.2.0__react@18.2.0/node_modules/next/dist/shared/lib/image-loader.js (41:26) @ defaultLoader
 ⨯ Error: Invalid src prop (https://images.unsplash.com/photo-1596495578065-6e0763fa1178?ixlib=rb-4.0.3&auto=format&fit=crop&w=600&q=80) on `next/image`, hostname "images.unsplash.com" is not configured under images in your `next.config.js`
See more info: https://nextjs.org/docs/messages/next-image-unconfigured-host
    at Array.map (<anonymous>)
null
 ⨯ ../node_modules/.pnpm/next@14.0.0_@babel+core@7.27.4_react-dom@18.2.0_react@18.2.0__react@18.2.0/node_modules/next/dist/shared/lib/image-loader.js (41:26) @ defaultLoader
 ⨯ Error: Invalid src prop (https://images.unsplash.com/photo-1559757148-5c350d0d3c56?ixlib=rb-4.0.3&auto=format&fit=crop&w=600&q=80) on `next/image`, hostname "images.unsplash.com" is not configured under images in your `next.config.js`
See more info: https://nextjs.org/docs/messages/next-image-unconfigured-host
    at Array.map (<anonymous>)
null
Redirect callback - URL: http://localhost:3001/auth/signin Base URL: http://localhost:3001
Session callback - Creating session for: student1@lynxacademy.co.za
Redirect callback - URL: http://localhost:3001/auth/signin Base URL: http://localhost:3001
Session callback - Creating session for: student1@lynxacademy.co.za
 ⨯ ../node_modules/.pnpm/next@14.0.0_@babel+core@7.27.4_react-dom@18.2.0_react@18.2.0__react@18.2.0/node_modules/next/dist/shared/lib/image-loader.js (41:26) @ defaultLoader
 ⨯ Error: Invalid src prop (https://images.unsplash.com/photo-1596495578065-6e0763fa1178?ixlib=rb-4.0.3&auto=format&fit=crop&w=600&q=80) on `next/image`, hostname "images.unsplash.com" is not configured under images in your `next.config.js`
See more info: https://nextjs.org/docs/messages/next-image-unconfigured-host
    at Array.map (<anonymous>)
null
Redirect callback - URL: http://localhost:3001/auth/signin Base URL: http://localhost:3001
Session callback - Creating session for: student1@lynxacademy.co.za
Redirect callback - URL: http://localhost:3001/auth/signin Base URL: http://localhost:3001
Session callback - Creating session for: student1@lynxacademy.co.za
Redirect callback - URL: http://localhost:3001/auth/signin Base URL: http://localhost:3001
Session callback - Creating session for: student1@lynxacademy.co.za
Redirect callback - URL: http://localhost:3001/auth/signin Base URL: http://localhost:3001
Session callback - Creating session for: student1@lynxacademy.co.za
Redirect callback - URL: http://localhost:3001/auth/signin Base URL: http://localhost:3001
Session callback - Creating session for: student1@lynxacademy.co.za
Redirect callback - URL: http://localhost:3001/auth/signin Base URL: http://localhost:3001
Session callback - Creating session for: student1@lynxacademy.co.za
Redirect callback - URL: http://localhost:3001/auth/signin Base URL: http://localhost:3001
Session callback - Creating session for: student1@lynxacademy.co.za
 ⨯ ../node_modules/.pnpm/next@14.0.0_@babel+core@7.27.4_react-dom@18.2.0_react@18.2.0__react@18.2.0/node_modules/next/dist/shared/lib/image-loader.js (41:26) @ defaultLoader
 ⨯ Error: Invalid src prop (https://images.unsplash.com/photo-1559757148-5c350d0d3c56?ixlib=rb-4.0.3&auto=format&fit=crop&w=600&q=80) on `next/image`, hostname "images.unsplash.com" is not configured under images in your `next.config.js`
See more info: https://nextjs.org/docs/messages/next-image-unconfigured-host
    at Array.map (<anonymous>)
null
 ⨯ ../node_modules/.pnpm/next@14.0.0_@babel+core@7.27.4_react-dom@18.2.0_react@18.2.0__react@18.2.0/node_modules/next/dist/shared/lib/image-loader.js (41:26) @ defaultLoader
 ⨯ Error: Invalid src prop (https://images.unsplash.com/photo-1481627834876-b7833e8f5570?ixlib=rb-4.0.3&auto=format&fit=crop&w=600&q=80) on `next/image`, hostname "images.unsplash.com" is not configured under images in your `next.config.js`
See more info: https://nextjs.org/docs/messages/next-image-unconfigured-host
    at Array.map (<anonymous>)
null
 ⨯ ../node_modules/.pnpm/next@14.0.0_@babel+core@7.27.4_react-dom@18.2.0_react@18.2.0__react@18.2.0/node_modules/next/dist/shared/lib/image-loader.js (41:26) @ defaultLoader
 ⨯ Error: Invalid src prop (https://images.unsplash.com/photo-1481627834876-b7833e8f5570?ixlib=rb-4.0.3&auto=format&fit=crop&w=600&q=80) on `next/image`, hostname "images.unsplash.com" is not configured under images in your `next.config.js`
See more info: https://nextjs.org/docs/messages/next-image-unconfigured-host
    at Array.map (<anonymous>)
null
 ⨯ ../node_modules/.pnpm/next@14.0.0_@babel+core@7.27.4_react-dom@18.2.0_react@18.2.0__react@18.2.0/node_modules/next/dist/shared/lib/image-loader.js (41:26) @ defaultLoader
 ⨯ Error: Invalid src prop (https://images.unsplash.com/photo-1559757148-5c350d0d3c56?ixlib=rb-4.0.3&auto=format&fit=crop&w=600&q=80) on `next/image`, hostname "images.unsplash.com" is not configured under images in your `next.config.js`
See more info: https://nextjs.org/docs/messages/next-image-unconfigured-host
    at Array.map (<anonymous>)
null
 ⨯ ../node_modules/.pnpm/next@14.0.0_@babel+core@7.27.4_react-dom@18.2.0_react@18.2.0__react@18.2.0/node_modules/next/dist/shared/lib/image-loader.js (41:26) @ defaultLoader
 ⨯ Error: Invalid src prop (https://images.unsplash.com/photo-1596495578065-6e0763fa1178?ixlib=rb-4.0.3&auto=format&fit=crop&w=600&q=80) on `next/image`, hostname "images.unsplash.com" is not configured under images in your `next.config.js`
See more info: https://nextjs.org/docs/messages/next-image-unconfigured-host
    at Array.map (<anonymous>)
null
Redirect callback - URL: http://localhost:3001/auth/signin Base URL: http://localhost:3001
Session callback - Creating session for: student1@lynxacademy.co.za
Redirect callback - URL: http://localhost:3001/auth/signin Base URL: http://localhost:3001
Session callback - Creating session for: student1@lynxacademy.co.za
 ⨯ ../node_modules/.pnpm/next@14.0.0_@babel+core@7.27.4_react-dom@18.2.0_react@18.2.0__react@18.2.0/node_modules/next/dist/shared/lib/image-loader.js (41:26) @ defaultLoader
 ⨯ Error: Invalid src prop (https://images.unsplash.com/photo-1596495578065-6e0763fa1178?ixlib=rb-4.0.3&auto=format&fit=crop&w=600&q=80) on `next/image`, hostname "images.unsplash.com" is not configured under images in your `next.config.js`
See more info: https://nextjs.org/docs/messages/next-image-unconfigured-host
    at Array.map (<anonymous>)
null
Redirect callback - URL: http://localhost:3001/auth/signin Base URL: http://localhost:3001
Session callback - Creating session for: student1@lynxacademy.co.za
 ✓ Compiled in 3s (2056 modules)
[next-auth][warn][DEBUG_ENABLED] 
https://next-auth.js.org/warnings#debug_enabled
Redirect callback - URL: http://localhost:3001/auth/signin Base URL: http://localhost:3001
Session callback - Creating session for: student1@lynxacademy.co.za
 ⨯ Error: The default export is not a React Component in page: "/ai-tutor"
    at async Promise.all (index 0)
    at async Promise.all (index 0)
 ⨯ Error: The default export is not a React Component in page: "/ai-tutor"
    at async Promise.all (index 0)
    at async Promise.all (index 0)
digest: "1209951696"
Redirect callback - URL: http://localhost:3001/auth/signin Base URL: http://localhost:3001
Redirect callback - URL: http://localhost:3001/auth/signin Base URL: http://localhost:3001
Session callback - Creating session for: student1@lynxacademy.co.za
Redirect callback - URL: http://localhost:3001/auth/signin Base URL: http://localhost:3001
Session callback - Creating session for: student1@lynxacademy.co.za
Redirect callback - URL: http://localhost:3001/auth/signin Base URL: http://localhost:3001
Session callback - Creating session for: student1@lynxacademy.co.za
 ⨯ ../node_modules/.pnpm/next@14.0.0_@babel+core@7.27.4_react-dom@18.2.0_react@18.2.0__react@18.2.0/node_modules/next/dist/shared/lib/image-loader.js (41:26) @ defaultLoader
 ⨯ Error: Invalid src prop (https://images.unsplash.com/photo-1481627834876-b7833e8f5570?ixlib=rb-4.0.3&auto=format&fit=crop&w=600&q=80) on `next/image`, hostname "images.unsplash.com" is not configured under images in your `next.config.js`
See more info: https://nextjs.org/docs/messages/next-image-unconfigured-host
    at Array.map (<anonymous>)
null
 ⨯ ../node_modules/.pnpm/next@14.0.0_@babel+core@7.27.4_react-dom@18.2.0_react@18.2.0__react@18.2.0/node_modules/next/dist/shared/lib/image-loader.js (41:26) @ defaultLoader
 ⨯ Error: Invalid src prop (https://images.unsplash.com/photo-1532094349884-543bc11b234d?ixlib=rb-4.0.3&auto=format&fit=crop&w=600&q=80) on `next/image`, hostname "images.unsplash.com" is not configured under images in your `next.config.js`
See more info: https://nextjs.org/docs/messages/next-image-unconfigured-host
    at Array.map (<anonymous>)
null
 ⨯ ../node_modules/.pnpm/next@14.0.0_@babel+core@7.27.4_react-dom@18.2.0_react@18.2.0__react@18.2.0/node_modules/next/dist/shared/lib/image-loader.js (41:26) @ defaultLoader
 ⨯ Error: Invalid src prop (https://images.unsplash.com/photo-1481627834876-b7833e8f5570?ixlib=rb-4.0.3&auto=format&fit=crop&w=600&q=80) on `next/image`, hostname "images.unsplash.com" is not configured under images in your `next.config.js`
See more info: https://nextjs.org/docs/messages/next-image-unconfigured-host
    at Array.map (<anonymous>)
null
 ⨯ ../node_modules/.pnpm/next@14.0.0_@babel+core@7.27.4_react-dom@18.2.0_react@18.2.0__react@18.2.0/node_modules/next/dist/shared/lib/image-loader.js (41:26) @ defaultLoader
 ⨯ Error: Invalid src prop (https://images.unsplash.com/photo-1559757148-5c350d0d3c56?ixlib=rb-4.0.3&auto=format&fit=crop&w=600&q=80) on `next/image`, hostname "images.unsplash.com" is not configured under images in your `next.config.js`
See more info: https://nextjs.org/docs/messages/next-image-unconfigured-host
    at Array.map (<anonymous>)
null
 ⨯ ../node_modules/.pnpm/next@14.0.0_@babel+core@7.27.4_react-dom@18.2.0_react@18.2.0__react@18.2.0/node_modules/next/dist/shared/lib/image-loader.js (41:26) @ defaultLoader
 ⨯ Error: Invalid src prop (https://images.unsplash.com/photo-1559757148-5c350d0d3c56?ixlib=rb-4.0.3&auto=format&fit=crop&w=600&q=80) on `next/image`, hostname "images.unsplash.com" is not configured under images in your `next.config.js`
See more info: https://nextjs.org/docs/messages/next-image-unconfigured-host
    at Array.map (<anonymous>)
null
Redirect callback - URL: http://localhost:3001/auth/signin Base URL: http://localhost:3001
 ⨯ ../node_modules/.pnpm/next@14.0.0_@babel+core@7.27.4_react-dom@18.2.0_react@18.2.0__react@18.2.0/node_modules/next/dist/shared/lib/image-loader.js (41:26) @ defaultLoader
 ⨯ Error: Invalid src prop (https://images.unsplash.com/photo-1559757148-5c350d0d3c56?ixlib=rb-4.0.3&auto=format&fit=crop&w=600&q=80) on `next/image`, hostname "images.unsplash.com" is not configured under images in your `next.config.js`
See more info: https://nextjs.org/docs/messages/next-image-unconfigured-host
    at Array.map (<anonymous>)
null
Session callback - Creating session for: student1@lynxacademy.co.za
Redirect callback - URL: http://localhost:3001/auth/signin Base URL: http://localhost:3001
Session callback - Creating session for: student1@lynxacademy.co.za
Redirect callback - URL: http://localhost:3001/auth/signin Base URL: http://localhost:3001
Session callback - Creating session for: student1@lynxacademy.co.za
Redirect callback - URL: http://localhost:3001/auth/signin Base URL: http://localhost:3001
Session callback - Creating session for: student1@lynxacademy.co.za
Redirect callback - URL: http://localhost:3001/auth/signin Base URL: http://localhost:3001
Session callback - Creating session for: student1@lynxacademy.co.za
Redirect callback - URL: http://localhost:3001/auth/signin Base URL: http://localhost:3001
Session callback - Creating session for: student1@lynxacademy.co.za
Redirect callback - URL: http://localhost:3001/auth/signin Base URL: http://localhost:3001
Session callback - Creating session for: student1@lynxacademy.co.za
Redirect callback - URL: http://localhost:3001/auth/signin Base URL: http://localhost:3001
Session callback - Creating session for: student1@lynxacademy.co.za
Redirect callback - URL: http://localhost:3001/auth/signin Base URL: http://localhost:3001
Session callback - Creating session for: student1@lynxacademy.co.za
Redirect callback - URL: http://localhost:3001/auth/signin Base URL: http://localhost:3001
Session callback - Creating session for: student1@lynxacademy.co.za
Redirect callback - URL: http://localhost:3001/auth/signin Base URL: http://localhost:3001
Session callback - Creating session for: student1@lynxacademy.co.za
Redirect callback - URL: http://localhost:3001/auth/signin Base URL: http://localhost:3001
Session callback - Creating session for: student1@lynxacademy.co.za
Redirect callback - URL: http://localhost:3001/auth/signin Base URL: http://localhost:3001
Session callback - Creating session for: student1@lynxacademy.co.za
Redirect callback - URL: http://localhost:3001/auth/signin Base URL: http://localhost:3001
Session callback - Creating session for: student1@lynxacademy.co.za
 ✓ Compiled in 2.3s (2017 modules)
 ⨯ Error: The default export is not a React Component in page: "/ai-tutor"
    at async Promise.all (index 0)
    at async Promise.all (index 0)
 ⨯ Error: The default export is not a React Component in page: "/ai-tutor"
    at async Promise.all (index 0)
    at async Promise.all (index 0)
digest: "1209951696"
[next-auth][warn][DEBUG_ENABLED] 
https://next-auth.js.org/warnings#debug_enabled
Redirect callback - URL: http://localhost:3001/auth/signin Base URL: http://localhost:3001
Session callback - Creating session for: student1@lynxacademy.co.za
 ○ Compiling /courses/[id]/page ...
 ✓ Compiled /courses/[id]/page in 906ms (1062 modules)
[next-auth][warn][DEBUG_ENABLED] 
https://next-auth.js.org/warnings#debug_enabled
Redirect callback - URL: http://localhost:3001/auth/signin Base URL: http://localhost:3001
Session callback - Creating session for: student1@lynxacademy.co.za
 ⨯ ../node_modules/.pnpm/next@14.0.0_@babel+core@7.27.4_react-dom@18.2.0_react@18.2.0__react@18.2.0/node_modules/next/dist/shared/lib/image-loader.js (41:26) @ defaultLoader
 ⨯ Error: Invalid src prop (https://images.unsplash.com/photo-1559757148-5c350d0d3c56?ixlib=rb-4.0.3&auto=format&fit=crop&w=600&q=80) on `next/image`, hostname "images.unsplash.com" is not configured under images in your `next.config.js`
See more info: https://nextjs.org/docs/messages/next-image-unconfigured-host
    at Array.map (<anonymous>)
null
 ⨯ ../node_modules/.pnpm/next@14.0.0_@babel+core@7.27.4_react-dom@18.2.0_react@18.2.0__react@18.2.0/node_modules/next/dist/shared/lib/image-loader.js (41:26) @ defaultLoader
 ⨯ Error: Invalid src prop (https://images.unsplash.com/photo-1596495578065-6e0763fa1178?ixlib=rb-4.0.3&auto=format&fit=crop&w=600&q=80) on `next/image`, hostname "images.unsplash.com" is not configured under images in your `next.config.js`
See more info: https://nextjs.org/docs/messages/next-image-unconfigured-host
    at Array.map (<anonymous>)
null
 ⨯ ../node_modules/.pnpm/next@14.0.0_@babel+core@7.27.4_react-dom@18.2.0_react@18.2.0__react@18.2.0/node_modules/next/dist/shared/lib/image-loader.js (41:26) @ defaultLoader
 ⨯ Error: Invalid src prop (https://images.unsplash.com/photo-1596495578065-6e0763fa1178?ixlib=rb-4.0.3&auto=format&fit=crop&w=600&q=80) on `next/image`, hostname "images.unsplash.com" is not configured under images in your `next.config.js`
See more info: https://nextjs.org/docs/messages/next-image-unconfigured-host
    at Array.map (<anonymous>)
null
Redirect callback - URL: http://localhost:3001/auth/signin Base URL: http://localhost:3001
Session callback - Creating session for: student1@lynxacademy.co.za
 ⨯ ../node_modules/.pnpm/next@14.0.0_@babel+core@7.27.4_react-dom@18.2.0_react@18.2.0__react@18.2.0/node_modules/next/dist/shared/lib/image-loader.js (41:26) @ defaultLoader
 ⨯ Error: Invalid src prop (https://images.unsplash.com/photo-1481627834876-b7833e8f5570?ixlib=rb-4.0.3&auto=format&fit=crop&w=600&q=80) on `next/image`, hostname "images.unsplash.com" is not configured under images in your `next.config.js`
See more info: https://nextjs.org/docs/messages/next-image-unconfigured-host
    at Array.map (<anonymous>)
null
 ⨯ ../node_modules/.pnpm/next@14.0.0_@babel+core@7.27.4_react-dom@18.2.0_react@18.2.0__react@18.2.0/node_modules/next/dist/shared/lib/image-loader.js (41:26) @ defaultLoader
 ⨯ Error: Invalid src prop (https://images.unsplash.com/photo-1559757148-5c350d0d3c56?ixlib=rb-4.0.3&auto=format&fit=crop&w=600&q=80) on `next/image`, hostname "images.unsplash.com" is not configured under images in your `next.config.js`
See more info: https://nextjs.org/docs/messages/next-image-unconfigured-host
    at Array.map (<anonymous>)
null
 ⨯ ../node_modules/.pnpm/next@14.0.0_@babel+core@7.27.4_react-dom@18.2.0_react@18.2.0__react@18.2.0/node_modules/next/dist/shared/lib/image-loader.js (41:26) @ defaultLoader
 ⨯ Error: Invalid src prop (https://images.unsplash.com/photo-1481627834876-b7833e8f5570?ixlib=rb-4.0.3&auto=format&fit=crop&w=600&q=80) on `next/image`, hostname "images.unsplash.com" is not configured under images in your `next.config.js`
See more info: https://nextjs.org/docs/messages/next-image-unconfigured-host
    at Array.map (<anonymous>)
null
Redirect callback - URL: http://localhost:3001/auth/signin Base URL: http://localhost:3001
Session callback - Creating session for: student1@lynxacademy.co.za
Redirect callback - URL: http://localhost:3001/auth/signin Base URL: http://localhost:3001
Session callback - Creating session for: student1@lynxacademy.co.za
Redirect callback - URL: http://localhost:3001/auth/signin Base URL: http://localhost:3001
Session callback - Creating session for: student1@lynxacademy.co.za
 ✓ Compiled in 2.2s (2051 modules)
 ⨯ Error: The default export is not a React Component in page: "/ai-tutor"
    at async Promise.all (index 0)
    at async Promise.all (index 0)
 ⨯ Error: The default export is not a React Component in page: "/ai-tutor"
    at async Promise.all (index 0)
    at async Promise.all (index 0)
digest: "1209951696"
 ✓ Compiled in 2.4s (2051 modules)
 ⨯ Error: The default export is not a React Component in page: "/ai-tutor"
    at async Promise.all (index 0)
    at async Promise.all (index 0)
 ⨯ Error: The default export is not a React Component in page: "/ai-tutor"
    at async Promise.all (index 0)
    at async Promise.all (index 0)
digest: "1209951696"
 ✓ Compiled in 3.8s (2051 modules)
 ⨯ Error: The default export is not a React Component in page: "/ai-tutor"
    at async Promise.all (index 0)
    at async Promise.all (index 0)
 ⨯ Error: The default export is not a React Component in page: "/ai-tutor"
    at async Promise.all (index 0)
    at async Promise.all (index 0)
digest: "1209951696"
 ✓ Compiled in 3.7s (2051 modules)
[next-auth][warn][DEBUG_ENABLED] 
https://next-auth.js.org/warnings#debug_enabled
Redirect callback - URL: http://localhost:3001/auth/signin Base URL: http://localhost:3001
Session callback - Creating session for: student1@lynxacademy.co.za
Redirect callback - URL: http://localhost:3001/auth/signin Base URL: http://localhost:3001
Session callback - Creating session for: student1@lynxacademy.co.za
 ⨯ Error: The default export is not a React Component in page: "/ai-tutor"
    at async Promise.all (index 0)
    at async Promise.all (index 0)
 ⨯ Error: The default export is not a React Component in page: "/ai-tutor"
    at async Promise.all (index 0)
    at async Promise.all (index 0)
digest: "1209951696"
Redirect callback - URL: http://localhost:3001/auth/signin Base URL: http://localhost:3001
Session callback - Creating session for: student1@lynxacademy.co.za
 ⨯ ../node_modules/.pnpm/next@14.0.0_@babel+core@7.27.4_react-dom@18.2.0_react@18.2.0__react@18.2.0/node_modules/next/dist/shared/lib/image-loader.js (41:26) @ defaultLoader
 ⨯ Error: Invalid src prop (https://images.unsplash.com/photo-1481627834876-b7833e8f5570?ixlib=rb-4.0.3&auto=format&fit=crop&w=600&q=80) on `next/image`, hostname "images.unsplash.com" is not configured under images in your `next.config.js`
See more info: https://nextjs.org/docs/messages/next-image-unconfigured-host
    at Array.map (<anonymous>)
null
 ⨯ ../node_modules/.pnpm/next@14.0.0_@babel+core@7.27.4_react-dom@18.2.0_react@18.2.0__react@18.2.0/node_modules/next/dist/shared/lib/image-loader.js (41:26) @ defaultLoader
 ⨯ Error: Invalid src prop (https://images.unsplash.com/photo-1481627834876-b7833e8f5570?ixlib=rb-4.0.3&auto=format&fit=crop&w=600&q=80) on `next/image`, hostname "images.unsplash.com" is not configured under images in your `next.config.js`
See more info: https://nextjs.org/docs/messages/next-image-unconfigured-host
    at Array.map (<anonymous>)
null
 ⨯ ../node_modules/.pnpm/next@14.0.0_@babel+core@7.27.4_react-dom@18.2.0_react@18.2.0__react@18.2.0/node_modules/next/dist/shared/lib/image-loader.js (41:26) @ defaultLoader
 ⨯ Error: Invalid src prop (https://images.unsplash.com/photo-1559757148-5c350d0d3c56?ixlib=rb-4.0.3&auto=format&fit=crop&w=600&q=80) on `next/image`, hostname "images.unsplash.com" is not configured under images in your `next.config.js`
See more info: https://nextjs.org/docs/messages/next-image-unconfigured-host
    at Array.map (<anonymous>)
null
 ⨯ ../node_modules/.pnpm/next@14.0.0_@babel+core@7.27.4_react-dom@18.2.0_react@18.2.0__react@18.2.0/node_modules/next/dist/shared/lib/image-loader.js (41:26) @ defaultLoader
 ⨯ Error: Invalid src prop (https://images.unsplash.com/photo-1532094349884-543bc11b234d?ixlib=rb-4.0.3&auto=format&fit=crop&w=600&q=80) on `next/image`, hostname "images.unsplash.com" is not configured under images in your `next.config.js`
See more info: https://nextjs.org/docs/messages/next-image-unconfigured-host
    at Array.map (<anonymous>)
null
 ⨯ ../node_modules/.pnpm/next@14.0.0_@babel+core@7.27.4_react-dom@18.2.0_react@18.2.0__react@18.2.0/node_modules/next/dist/shared/lib/image-loader.js (41:26) @ defaultLoader
 ⨯ Error: Invalid src prop (https://images.unsplash.com/photo-1559757148-5c350d0d3c56?ixlib=rb-4.0.3&auto=format&fit=crop&w=600&q=80) on `next/image`, hostname "images.unsplash.com" is not configured under images in your `next.config.js`
See more info: https://nextjs.org/docs/messages/next-image-unconfigured-host
    at Array.map (<anonymous>)
null
 ⨯ ../node_modules/.pnpm/next@14.0.0_@babel+core@7.27.4_react-dom@18.2.0_react@18.2.0__react@18.2.0/node_modules/next/dist/shared/lib/image-loader.js (41:26) @ defaultLoader
 ⨯ Error: Invalid src prop (https://images.unsplash.com/photo-1596495578065-6e0763fa1178?ixlib=rb-4.0.3&auto=format&fit=crop&w=600&q=80) on `next/image`, hostname "images.unsplash.com" is not configured under images in your `next.config.js`
See more info: https://nextjs.org/docs/messages/next-image-unconfigured-host
    at Array.map (<anonymous>)
null
Redirect callback - URL: http://localhost:3001/auth/signin Base URL: http://localhost:3001
Session callback - Creating session for: student1@lynxacademy.co.za
Redirect callback - URL: http://localhost:3001/auth/signin Base URL: http://localhost:3001
Session callback - Creating session for: student1@lynxacademy.co.za
Redirect callback - URL: http://localhost:3001/auth/signin Base URL: http://localhost:3001
Session callback - Creating session for: student1@lynxacademy.co.za
Redirect callback - URL: http://localhost:3001/auth/signin Base URL: http://localhost:3001
Session callback - Creating session for: student1@lynxacademy.co.za
Redirect callback - URL: http://localhost:3001/auth/signin Base URL: http://localhost:3001
Session callback - Creating session for: student1@lynxacademy.co.za
Redirect callback - URL: http://localhost:3001/auth/signin Base URL: http://localhost:3001
Session callback - Creating session for: student1@lynxacademy.co.za
 ✓ Compiled in 3.8s (1779 modules)
 ○ Compiling /api/auth/[...nextauth]/route ...
 ✓ Compiled /api/auth/[...nextauth]/route in 521ms (1028 modules)
[next-auth][warn][DEBUG_ENABLED] 
https://next-auth.js.org/warnings#debug_enabled
Redirect callback - URL: http://localhost:3001/auth/signin Base URL: http://localhost:3001
Session callback - Creating session for: student1@lynxacademy.co.za
Redirect callback - URL: http://localhost:3001/auth/signin Base URL: http://localhost:3001
Session callback - Creating session for: student1@lynxacademy.co.za
Redirect callback - URL: http://localhost:3001/auth/signin Base URL: http://localhost:3001
Session callback - Creating session for: student1@lynxacademy.co.za
 ○ Compiling /courses/[id]/page ...
 ✓ Compiled /courses/[id]/page in 634ms (1062 modules)
 ⨯ ../node_modules/.pnpm/next@14.0.0_@babel+core@7.27.4_react-dom@18.2.0_react@18.2.0__react@18.2.0/node_modules/next/dist/shared/lib/image-loader.js (41:26) @ defaultLoader
 ⨯ Error: Invalid src prop (https://images.unsplash.com/photo-1481627834876-b7833e8f5570?ixlib=rb-4.0.3&auto=format&fit=crop&w=600&q=80) on `next/image`, hostname "images.unsplash.com" is not configured under images in your `next.config.js`
See more info: https://nextjs.org/docs/messages/next-image-unconfigured-host
    at Array.map (<anonymous>)
null
 ⨯ ../node_modules/.pnpm/next@14.0.0_@babel+core@7.27.4_react-dom@18.2.0_react@18.2.0__react@18.2.0/node_modules/next/dist/shared/lib/image-loader.js (41:26) @ defaultLoader
 ⨯ Error: Invalid src prop (https://images.unsplash.com/photo-1481627834876-b7833e8f5570?ixlib=rb-4.0.3&auto=format&fit=crop&w=600&q=80) on `next/image`, hostname "images.unsplash.com" is not configured under images in your `next.config.js`
See more info: https://nextjs.org/docs/messages/next-image-unconfigured-host
    at Array.map (<anonymous>)
null
 ⨯ ../node_modules/.pnpm/next@14.0.0_@babel+core@7.27.4_react-dom@18.2.0_react@18.2.0__react@18.2.0/node_modules/next/dist/shared/lib/image-loader.js (41:26) @ defaultLoader
 ⨯ Error: Invalid src prop (https://images.unsplash.com/photo-1596495578065-6e0763fa1178?ixlib=rb-4.0.3&auto=format&fit=crop&w=600&q=80) on `next/image`, hostname "images.unsplash.com" is not configured under images in your `next.config.js`
See more info: https://nextjs.org/docs/messages/next-image-unconfigured-host
    at Array.map (<anonymous>)
null
 ⨯ ../node_modules/.pnpm/next@14.0.0_@babel+core@7.27.4_react-dom@18.2.0_react@18.2.0__react@18.2.0/node_modules/next/dist/shared/lib/image-loader.js (41:26) @ defaultLoader
 ⨯ Error: Invalid src prop (https://images.unsplash.com/photo-1481627834876-b7833e8f5570?ixlib=rb-4.0.3&auto=format&fit=crop&w=600&q=80) on `next/image`, hostname "images.unsplash.com" is not configured under images in your `next.config.js`
See more info: https://nextjs.org/docs/messages/next-image-unconfigured-host
    at Array.map (<anonymous>)
null
 ⨯ ../node_modules/.pnpm/next@14.0.0_@babel+core@7.27.4_react-dom@18.2.0_react@18.2.0__react@18.2.0/node_modules/next/dist/shared/lib/image-loader.js (41:26) @ defaultLoader
 ⨯ Error: Invalid src prop (https://images.unsplash.com/photo-1481627834876-b7833e8f5570?ixlib=rb-4.0.3&auto=format&fit=crop&w=600&q=80) on `next/image`, hostname "images.unsplash.com" is not configured under images in your `next.config.js`
See more info: https://nextjs.org/docs/messages/next-image-unconfigured-host
    at Array.map (<anonymous>)
null
 ⨯ ../node_modules/.pnpm/next@14.0.0_@babel+core@7.27.4_react-dom@18.2.0_react@18.2.0__react@18.2.0/node_modules/next/dist/shared/lib/image-loader.js (41:26) @ defaultLoader
 ⨯ Error: Invalid src prop (https://images.unsplash.com/photo-1596495578065-6e0763fa1178?ixlib=rb-4.0.3&auto=format&fit=crop&w=600&q=80) on `next/image`, hostname "images.unsplash.com" is not configured under images in your `next.config.js`
See more info: https://nextjs.org/docs/messages/next-image-unconfigured-host
    at Array.map (<anonymous>)
null
[next-auth][warn][DEBUG_ENABLED] 
https://next-auth.js.org/warnings#debug_enabled
Redirect callback - URL: http://localhost:3001/auth/signin Base URL: http://localhost:3001
Session callback - Creating session for: student1@lynxacademy.co.za
Redirect callback - URL: http://localhost:3001/auth/signin Base URL: http://localhost:3001
Session callback - Creating session for: student1@lynxacademy.co.za
Redirect callback - URL: http://localhost:3001/auth/signin Base URL: http://localhost:3001
Session callback - Creating session for: student1@lynxacademy.co.za
Redirect callback - URL: http://localhost:3001/auth/signin Base URL: http://localhost:3001
Session callback - Creating session for: student1@lynxacademy.co.za
Redirect callback - URL: http://localhost:3001/auth/signin Base URL: http://localhost:3001
Session callback - Creating session for: student1@lynxacademy.co.za
Redirect callback - URL: http://localhost:3001/auth/signin Base URL: http://localhost:3001
Session callback - Creating session for: student1@lynxacademy.co.za
Redirect callback - URL: http://localhost:3001/auth/signin Base URL: http://localhost:3001
Session callback - Creating session for: student1@lynxacademy.co.za
Redirect callback - URL: http://localhost:3001/auth/signin Base URL: http://localhost:3001
Session callback - Creating session for: student1@lynxacademy.co.za
Redirect callback - URL: http://localhost:3001/auth/signin Base URL: http://localhost:3001
Session callback - Creating session for: student1@lynxacademy.co.za
Redirect callback - URL: http://localhost:3001/auth/signin Base URL: http://localhost:3001
Session callback - Creating session for: student1@lynxacademy.co.za
 ○ Compiling /not-found ...
 ✓ Compiled /not-found in 1812ms (2042 modules)
[next-auth][warn][DEBUG_ENABLED] 
https://next-auth.js.org/warnings#debug_enabled
Redirect callback - URL: http://localhost:3001/auth/signin Base URL: http://localhost:3001
Session callback - Creating session for: student1@lynxacademy.co.za
 ⨯ ../node_modules/.pnpm/next@14.0.0_@babel+core@7.27.4_react-dom@18.2.0_react@18.2.0__react@18.2.0/node_modules/next/dist/shared/lib/image-loader.js (41:26) @ defaultLoader
 ⨯ Error: Invalid src prop (https://images.unsplash.com/photo-1481627834876-b7833e8f5570?ixlib=rb-4.0.3&auto=format&fit=crop&w=600&q=80) on `next/image`, hostname "images.unsplash.com" is not configured under images in your `next.config.js`
See more info: https://nextjs.org/docs/messages/next-image-unconfigured-host
    at Array.map (<anonymous>)
null
 ⨯ ../node_modules/.pnpm/next@14.0.0_@babel+core@7.27.4_react-dom@18.2.0_react@18.2.0__react@18.2.0/node_modules/next/dist/shared/lib/image-loader.js (41:26) @ defaultLoader
 ⨯ Error: Invalid src prop (https://images.unsplash.com/photo-1559757148-5c350d0d3c56?ixlib=rb-4.0.3&auto=format&fit=crop&w=600&q=80) on `next/image`, hostname "images.unsplash.com" is not configured under images in your `next.config.js`
See more info: https://nextjs.org/docs/messages/next-image-unconfigured-host
    at Array.map (<anonymous>)
null
 ⨯ ../node_modules/.pnpm/next@14.0.0_@babel+core@7.27.4_react-dom@18.2.0_react@18.2.0__react@18.2.0/node_modules/next/dist/shared/lib/image-loader.js (41:26) @ defaultLoader
 ⨯ Error: Invalid src prop (https://images.unsplash.com/photo-1481627834876-b7833e8f5570?ixlib=rb-4.0.3&auto=format&fit=crop&w=600&q=80) on `next/image`, hostname "images.unsplash.com" is not configured under images in your `next.config.js`
See more info: https://nextjs.org/docs/messages/next-image-unconfigured-host
    at Array.map (<anonymous>)
null
 ⨯ ../node_modules/.pnpm/next@14.0.0_@babel+core@7.27.4_react-dom@18.2.0_react@18.2.0__react@18.2.0/node_modules/next/dist/shared/lib/image-loader.js (41:26) @ defaultLoader
 ⨯ Error: Invalid src prop (https://images.unsplash.com/photo-1532094349884-543bc11b234d?ixlib=rb-4.0.3&auto=format&fit=crop&w=600&q=80) on `next/image`, hostname "images.unsplash.com" is not configured under images in your `next.config.js`
See more info: https://nextjs.org/docs/messages/next-image-unconfigured-host
    at Array.map (<anonymous>)
null
 ⨯ ../node_modules/.pnpm/next@14.0.0_@babel+core@7.27.4_react-dom@18.2.0_react@18.2.0__react@18.2.0/node_modules/next/dist/shared/lib/image-loader.js (41:26) @ defaultLoader
 ⨯ Error: Invalid src prop (https://images.unsplash.com/photo-1532094349884-543bc11b234d?ixlib=rb-4.0.3&auto=format&fit=crop&w=600&q=80) on `next/image`, hostname "images.unsplash.com" is not configured under images in your `next.config.js`
See more info: https://nextjs.org/docs/messages/next-image-unconfigured-host
    at Array.map (<anonymous>)
null
Redirect callback - URL: http://localhost:3001/auth/signin Base URL: http://localhost:3001
Session callback - Creating session for: student1@lynxacademy.co.za
Redirect callback - URL: http://localhost:3001/auth/signin Base URL: http://localhost:3001
Session callback - Creating session for: student1@lynxacademy.co.za
 ⨯ ../node_modules/.pnpm/next@14.0.0_@babel+core@7.27.4_react-dom@18.2.0_react@18.2.0__react@18.2.0/node_modules/next/dist/shared/lib/image-loader.js (41:26) @ defaultLoader
 ⨯ Error: Invalid src prop (https://images.unsplash.com/photo-1596495578065-6e0763fa1178?ixlib=rb-4.0.3&auto=format&fit=crop&w=600&q=80) on `next/image`, hostname "images.unsplash.com" is not configured under images in your `next.config.js`
See more info: https://nextjs.org/docs/messages/next-image-unconfigured-host
    at Array.map (<anonymous>)
null
Redirect callback - URL: http://localhost:3001/auth/signin Base URL: http://localhost:3001
Session callback - Creating session for: student1@lynxacademy.co.za
Redirect callback - URL: http://localhost:3001/auth/signin Base URL: http://localhost:3001
Session callback - Creating session for: student1@lynxacademy.co.za
Redirect callback - URL: http://localhost:3001/auth/signin Base URL: http://localhost:3001
Session callback - Creating session for: student1@lynxacademy.co.za
Redirect callback - URL: http://localhost:3001/auth/signin Base URL: http://localhost:3001
Session callback - Creating session for: student1@lynxacademy.co.za
 ⨯ ../node_modules/.pnpm/next@14.0.0_@babel+core@7.27.4_react-dom@18.2.0_react@18.2.0__react@18.2.0/node_modules/next/dist/shared/lib/image-loader.js (41:26) @ defaultLoader
 ⨯ Error: Invalid src prop (https://images.unsplash.com/photo-1596495578065-6e0763fa1178?ixlib=rb-4.0.3&auto=format&fit=crop&w=600&q=80) on `next/image`, hostname "images.unsplash.com" is not configured under images in your `next.config.js`
See more info: https://nextjs.org/docs/messages/next-image-unconfigured-host
    at Array.map (<anonymous>)
null
 ⨯ ../node_modules/.pnpm/next@14.0.0_@babel+core@7.27.4_react-dom@18.2.0_react@18.2.0__react@18.2.0/node_modules/next/dist/shared/lib/image-loader.js (41:26) @ defaultLoader
 ⨯ Error: Invalid src prop (https://images.unsplash.com/photo-1559757148-5c350d0d3c56?ixlib=rb-4.0.3&auto=format&fit=crop&w=600&q=80) on `next/image`, hostname "images.unsplash.com" is not configured under images in your `next.config.js`
See more info: https://nextjs.org/docs/messages/next-image-unconfigured-host
    at Array.map (<anonymous>)
null
 ⨯ ../node_modules/.pnpm/next@14.0.0_@babel+core@7.27.4_react-dom@18.2.0_react@18.2.0__react@18.2.0/node_modules/next/dist/shared/lib/image-loader.js (41:26) @ defaultLoader
 ⨯ Error: Invalid src prop (https://images.unsplash.com/photo-1559757148-5c350d0d3c56?ixlib=rb-4.0.3&auto=format&fit=crop&w=600&q=80) on `next/image`, hostname "images.unsplash.com" is not configured under images in your `next.config.js`
See more info: https://nextjs.org/docs/messages/next-image-unconfigured-host
    at Array.map (<anonymous>)
null
 ⨯ ../node_modules/.pnpm/next@14.0.0_@babel+core@7.27.4_react-dom@18.2.0_react@18.2.0__react@18.2.0/node_modules/next/dist/shared/lib/image-loader.js (41:26) @ defaultLoader
 ⨯ Error: Invalid src prop (https://images.unsplash.com/photo-1532094349884-543bc11b234d?ixlib=rb-4.0.3&auto=format&fit=crop&w=600&q=80) on `next/image`, hostname "images.unsplash.com" is not configured under images in your `next.config.js`
See more info: https://nextjs.org/docs/messages/next-image-unconfigured-host
    at Array.map (<anonymous>)
null
Redirect callback - URL: http://localhost:3001/auth/signin Base URL: http://localhost:3001
Session callback - Creating session for: student1@lynxacademy.co.za
 ⨯ ../node_modules/.pnpm/next@14.0.0_@babel+core@7.27.4_react-dom@18.2.0_react@18.2.0__react@18.2.0/node_modules/next/dist/shared/lib/image-loader.js (41:26) @ defaultLoader
 ⨯ Error: Invalid src prop (https://images.unsplash.com/photo-1596495578065-6e0763fa1178?ixlib=rb-4.0.3&auto=format&fit=crop&w=600&q=80) on `next/image`, hostname "images.unsplash.com" is not configured under images in your `next.config.js`
See more info: https://nextjs.org/docs/messages/next-image-unconfigured-host
    at Array.map (<anonymous>)
null
Redirect callback - URL: http://localhost:3001/auth/signin Base URL: http://localhost:3001
Session callback - Creating session for: student1@lynxacademy.co.za
 ⨯ ../node_modules/.pnpm/next@14.0.0_@babel+core@7.27.4_react-dom@18.2.0_react@18.2.0__react@18.2.0/node_modules/next/dist/shared/lib/image-loader.js (41:26) @ defaultLoader
 ⨯ Error: Invalid src prop (https://images.unsplash.com/photo-1532094349884-543bc11b234d?ixlib=rb-4.0.3&auto=format&fit=crop&w=600&q=80) on `next/image`, hostname "images.unsplash.com" is not configured under images in your `next.config.js`
See more info: https://nextjs.org/docs/messages/next-image-unconfigured-host
    at Array.map (<anonymous>)
null
Redirect callback - URL: http://localhost:3001/auth/signin Base URL: http://localhost:3001
Session callback - Creating session for: student1@lynxacademy.co.za
 ⨯ ../node_modules/.pnpm/next@14.0.0_@babel+core@7.27.4_react-dom@18.2.0_react@18.2.0__react@18.2.0/node_modules/next/dist/shared/lib/image-loader.js (41:26) @ defaultLoader
 ⨯ Error: Invalid src prop (https://images.unsplash.com/photo-1596495578065-6e0763fa1178?ixlib=rb-4.0.3&auto=format&fit=crop&w=600&q=80) on `next/image`, hostname "images.unsplash.com" is not configured under images in your `next.config.js`
See more info: https://nextjs.org/docs/messages/next-image-unconfigured-host
    at Array.map (<anonymous>)
null
 ⨯ ../node_modules/.pnpm/next@14.0.0_@babel+core@7.27.4_react-dom@18.2.0_react@18.2.0__react@18.2.0/node_modules/next/dist/shared/lib/image-loader.js (41:26) @ defaultLoader
 ⨯ Error: Invalid src prop (https://images.unsplash.com/photo-1596495578065-6e0763fa1178?ixlib=rb-4.0.3&auto=format&fit=crop&w=600&q=80) on `next/image`, hostname "images.unsplash.com" is not configured under images in your `next.config.js`
See more info: https://nextjs.org/docs/messages/next-image-unconfigured-host
    at Array.map (<anonymous>)
null
 ⨯ ../node_modules/.pnpm/next@14.0.0_@babel+core@7.27.4_react-dom@18.2.0_react@18.2.0__react@18.2.0/node_modules/next/dist/shared/lib/image-loader.js (41:26) @ defaultLoader
 ⨯ Error: Invalid src prop (https://images.unsplash.com/photo-1481627834876-b7833e8f5570?ixlib=rb-4.0.3&auto=format&fit=crop&w=600&q=80) on `next/image`, hostname "images.unsplash.com" is not configured under images in your `next.config.js`
See more info: https://nextjs.org/docs/messages/next-image-unconfigured-host
    at Array.map (<anonymous>)
null
 ⨯ ../node_modules/.pnpm/next@14.0.0_@babel+core@7.27.4_react-dom@18.2.0_react@18.2.0__react@18.2.0/node_modules/next/dist/shared/lib/image-loader.js (41:26) @ defaultLoader
 ⨯ Error: Invalid src prop (https://images.unsplash.com/photo-1532094349884-543bc11b234d?ixlib=rb-4.0.3&auto=format&fit=crop&w=600&q=80) on `next/image`, hostname "images.unsplash.com" is not configured under images in your `next.config.js`
See more info: https://nextjs.org/docs/messages/next-image-unconfigured-host
    at Array.map (<anonymous>)
null
 ⨯ ../node_modules/.pnpm/next@14.0.0_@babel+core@7.27.4_react-dom@18.2.0_react@18.2.0__react@18.2.0/node_modules/next/dist/shared/lib/image-loader.js (41:26) @ defaultLoader
 ⨯ Error: Invalid src prop (https://images.unsplash.com/photo-1559757148-5c350d0d3c56?ixlib=rb-4.0.3&auto=format&fit=crop&w=600&q=80) on `next/image`, hostname "images.unsplash.com" is not configured under images in your `next.config.js`
See more info: https://nextjs.org/docs/messages/next-image-unconfigured-host
    at Array.map (<anonymous>)
null
 ⨯ ../node_modules/.pnpm/next@14.0.0_@babel+core@7.27.4_react-dom@18.2.0_react@18.2.0__react@18.2.0/node_modules/next/dist/shared/lib/image-loader.js (41:26) @ defaultLoader
 ⨯ Error: Invalid src prop (https://images.unsplash.com/photo-1559757148-5c350d0d3c56?ixlib=rb-4.0.3&auto=format&fit=crop&w=600&q=80) on `next/image`, hostname "images.unsplash.com" is not configured under images in your `next.config.js`
See more info: https://nextjs.org/docs/messages/next-image-unconfigured-host
    at Array.map (<anonymous>)
null
Redirect callback - URL: http://localhost:3001/auth/signin Base URL: http://localhost:3001
Session callback - Creating session for: student1@lynxacademy.co.za
Redirect callback - URL: http://localhost:3001/auth/signin Base URL: http://localhost:3001
Session callback - Creating session for: student1@lynxacademy.co.za
Redirect callback - URL: http://localhost:3001/auth/signin Base URL: http://localhost:3001
Session callback - Creating session for: student1@lynxacademy.co.za
Redirect callback - URL: http://localhost:3001/auth/signin Base URL: http://localhost:3001
Session callback - Creating session for: student1@lynxacademy.co.za
Redirect callback - URL: http://localhost:3001/auth/signin Base URL: http://localhost:3001
Session callback - Creating session for: student1@lynxacademy.co.za
Redirect callback - URL: http://localhost:3001/auth/signin Base URL: http://localhost:3001
Session callback - Creating session for: student1@lynxacademy.co.za
Redirect callback - URL: http://localhost:3001/auth/signin Base URL: http://localhost:3001
Session callback - Creating session for: student1@lynxacademy.co.za
Redirect callback - URL: http://localhost:3001/auth/signin Base URL: http://localhost:3001
Session callback - Creating session for: student1@lynxacademy.co.za
Redirect callback - URL: http://localhost:3001/auth/signin Base URL: http://localhost:3001
Session callback - Creating session for: student1@lynxacademy.co.za
Redirect callback - URL: http://localhost:3001/auth/signin Base URL: http://localhost:3001
Session callback - Creating session for: student1@lynxacademy.co.za
Redirect callback - URL: http://localhost:3001/auth/signin Base URL: http://localhost:3001
Session callback - Creating session for: student1@lynxacademy.co.za
Redirect callback - URL: http://localhost:3001/auth/signin Base URL: http://localhost:3001
Session callback - Creating session for: student1@lynxacademy.co.za
Redirect callback - URL: http://localhost:3001/auth/signin Base URL: http://localhost:3001
Session callback - Creating session for: student1@lynxacademy.co.za
Redirect callback - URL: http://localhost:3001/auth/signin Base URL: http://localhost:3001
Session callback - Creating session for: student1@lynxacademy.co.za
Redirect callback - URL: http://localhost:3001/auth/signin Base URL: http://localhost:3001
Session callback - Creating session for: student1@lynxacademy.co.za
Redirect callback - URL: http://localhost:3001/auth/signin Base URL: http://localhost:3001
Session callback - Creating session for: student1@lynxacademy.co.za
Redirect callback - URL: http://localhost:3001/auth/signin Base URL: http://localhost:3001
Session callback - Creating session for: student1@lynxacademy.co.za
 ⨯ ../node_modules/.pnpm/next@14.0.0_@babel+core@7.27.4_react-dom@18.2.0_react@18.2.0__react@18.2.0/node_modules/next/dist/shared/lib/image-loader.js (41:26) @ defaultLoader
 ⨯ Error: Invalid src prop (https://images.unsplash.com/photo-1481627834876-b7833e8f5570?ixlib=rb-4.0.3&auto=format&fit=crop&w=600&q=80) on `next/image`, hostname "images.unsplash.com" is not configured under images in your `next.config.js`
See more info: https://nextjs.org/docs/messages/next-image-unconfigured-host
    at Array.map (<anonymous>)
null
 ⨯ ../node_modules/.pnpm/next@14.0.0_@babel+core@7.27.4_react-dom@18.2.0_react@18.2.0__react@18.2.0/node_modules/next/dist/shared/lib/image-loader.js (41:26) @ defaultLoader
 ⨯ Error: Invalid src prop (https://images.unsplash.com/photo-1596495578065-6e0763fa1178?ixlib=rb-4.0.3&auto=format&fit=crop&w=600&q=80) on `next/image`, hostname "images.unsplash.com" is not configured under images in your `next.config.js`
See more info: https://nextjs.org/docs/messages/next-image-unconfigured-host
    at Array.map (<anonymous>)
null
 ⨯ ../node_modules/.pnpm/next@14.0.0_@babel+core@7.27.4_react-dom@18.2.0_react@18.2.0__react@18.2.0/node_modules/next/dist/shared/lib/image-loader.js (41:26) @ defaultLoader
 ⨯ Error: Invalid src prop (https://images.unsplash.com/photo-1481627834876-b7833e8f5570?ixlib=rb-4.0.3&auto=format&fit=crop&w=600&q=80) on `next/image`, hostname "images.unsplash.com" is not configured under images in your `next.config.js`
See more info: https://nextjs.org/docs/messages/next-image-unconfigured-host
    at Array.map (<anonymous>)
null
 ⨯ ../node_modules/.pnpm/next@14.0.0_@babel+core@7.27.4_react-dom@18.2.0_react@18.2.0__react@18.2.0/node_modules/next/dist/shared/lib/image-loader.js (41:26) @ defaultLoader
 ⨯ Error: Invalid src prop (https://images.unsplash.com/photo-1596495578065-6e0763fa1178?ixlib=rb-4.0.3&auto=format&fit=crop&w=600&q=80) on `next/image`, hostname "images.unsplash.com" is not configured under images in your `next.config.js`
See more info: https://nextjs.org/docs/messages/next-image-unconfigured-host
    at Array.map (<anonymous>)
null
 ⨯ ../node_modules/.pnpm/next@14.0.0_@babel+core@7.27.4_react-dom@18.2.0_react@18.2.0__react@18.2.0/node_modules/next/dist/shared/lib/image-loader.js (41:26) @ defaultLoader
 ⨯ Error: Invalid src prop (https://images.unsplash.com/photo-1596495578065-6e0763fa1178?ixlib=rb-4.0.3&auto=format&fit=crop&w=600&q=80) on `next/image`, hostname "images.unsplash.com" is not configured under images in your `next.config.js`
See more info: https://nextjs.org/docs/messages/next-image-unconfigured-host
    at Array.map (<anonymous>)
null
Redirect callback - URL: http://localhost:3001/auth/signin Base URL: http://localhost:3001
Session callback - Creating session for: student1@lynxacademy.co.za
Redirect callback - URL: http://localhost:3001/auth/signin Base URL: http://localhost:3001
Session callback - Creating session for: student1@lynxacademy.co.za
 ⨯ ../node_modules/.pnpm/next@14.0.0_@babel+core@7.27.4_react-dom@18.2.0_react@18.2.0__react@18.2.0/node_modules/next/dist/shared/lib/image-loader.js (41:26) @ defaultLoader
 ⨯ Error: Invalid src prop (https://images.unsplash.com/photo-1559757148-5c350d0d3c56?ixlib=rb-4.0.3&auto=format&fit=crop&w=600&q=80) on `next/image`, hostname "images.unsplash.com" is not configured under images in your `next.config.js`
See more info: https://nextjs.org/docs/messages/next-image-unconfigured-host
    at Array.map (<anonymous>)
null
Redirect callback - URL: http://localhost:3001/auth/signin Base URL: http://localhost:3001
Session callback - Creating session for: student1@lynxacademy.co.za
Redirect callback - URL: http://localhost:3001/auth/signin Base URL: http://localhost:3001
Session callback - Creating session for: student1@lynxacademy.co.za
Redirect callback - URL: http://localhost:3001/auth/signin Base URL: http://localhost:3001
Session callback - Creating session for: student1@lynxacademy.co.za
Redirect callback - URL: http://localhost:3001/auth/signin Base URL: http://localhost:3001
Session callback - Creating session for: student1@lynxacademy.co.za
Redirect callback - URL: http://localhost:3001/auth/signin Base URL: http://localhost:3001
Session callback - Creating session for: student1@lynxacademy.co.za
Redirect callback - URL: http://localhost:3001/auth/signin Base URL: http://localhost:3001
Session callback - Creating session for: student1@lynxacademy.co.za
 ⨯ ../node_modules/.pnpm/next@14.0.0_@babel+core@7.27.4_react-dom@18.2.0_react@18.2.0__react@18.2.0/node_modules/next/dist/shared/lib/image-loader.js (41:26) @ defaultLoader
 ⨯ Error: Invalid src prop (https://images.unsplash.com/photo-1596495578065-6e0763fa1178?ixlib=rb-4.0.3&auto=format&fit=crop&w=600&q=80) on `next/image`, hostname "images.unsplash.com" is not configured under images in your `next.config.js`
See more info: https://nextjs.org/docs/messages/next-image-unconfigured-host
    at Array.map (<anonymous>)
null
 ⨯ ../node_modules/.pnpm/next@14.0.0_@babel+core@7.27.4_react-dom@18.2.0_react@18.2.0__react@18.2.0/node_modules/next/dist/shared/lib/image-loader.js (41:26) @ defaultLoader
 ⨯ Error: Invalid src prop (https://images.unsplash.com/photo-1532094349884-543bc11b234d?ixlib=rb-4.0.3&auto=format&fit=crop&w=600&q=80) on `next/image`, hostname "images.unsplash.com" is not configured under images in your `next.config.js`
See more info: https://nextjs.org/docs/messages/next-image-unconfigured-host
    at Array.map (<anonymous>)
null
 ⨯ ../node_modules/.pnpm/next@14.0.0_@babel+core@7.27.4_react-dom@18.2.0_react@18.2.0__react@18.2.0/node_modules/next/dist/shared/lib/image-loader.js (41:26) @ defaultLoader
 ⨯ Error: Invalid src prop (https://images.unsplash.com/photo-1481627834876-b7833e8f5570?ixlib=rb-4.0.3&auto=format&fit=crop&w=600&q=80) on `next/image`, hostname "images.unsplash.com" is not configured under images in your `next.config.js`
See more info: https://nextjs.org/docs/messages/next-image-unconfigured-host
    at Array.map (<anonymous>)
null
 ⨯ ../node_modules/.pnpm/next@14.0.0_@babel+core@7.27.4_react-dom@18.2.0_react@18.2.0__react@18.2.0/node_modules/next/dist/shared/lib/image-loader.js (41:26) @ defaultLoader
 ⨯ Error: Invalid src prop (https://images.unsplash.com/photo-1532094349884-543bc11b234d?ixlib=rb-4.0.3&auto=format&fit=crop&w=600&q=80) on `next/image`, hostname "images.unsplash.com" is not configured under images in your `next.config.js`
See more info: https://nextjs.org/docs/messages/next-image-unconfigured-host
    at Array.map (<anonymous>)
null
 ⨯ ../node_modules/.pnpm/next@14.0.0_@babel+core@7.27.4_react-dom@18.2.0_react@18.2.0__react@18.2.0/node_modules/next/dist/shared/lib/image-loader.js (41:26) @ defaultLoader
 ⨯ Error: Invalid src prop (https://images.unsplash.com/photo-1481627834876-b7833e8f5570?ixlib=rb-4.0.3&auto=format&fit=crop&w=600&q=80) on `next/image`, hostname "images.unsplash.com" is not configured under images in your `next.config.js`
See more info: https://nextjs.org/docs/messages/next-image-unconfigured-host
    at Array.map (<anonymous>)
null
 ⨯ ../node_modules/.pnpm/next@14.0.0_@babel+core@7.27.4_react-dom@18.2.0_react@18.2.0__react@18.2.0/node_modules/next/dist/shared/lib/image-loader.js (41:26) @ defaultLoader
 ⨯ Error: Invalid src prop (https://images.unsplash.com/photo-1596495578065-6e0763fa1178?ixlib=rb-4.0.3&auto=format&fit=crop&w=600&q=80) on `next/image`, hostname "images.unsplash.com" is not configured under images in your `next.config.js`
See more info: https://nextjs.org/docs/messages/next-image-unconfigured-host
    at Array.map (<anonymous>)
null
Redirect callback - URL: http://localhost:3001/auth/signin Base URL: http://localhost:3001
Session callback - Creating session for: student1@lynxacademy.co.za
Redirect callback - URL: http://localhost:3001/auth/signin Base URL: http://localhost:3001
Session callback - Creating session for: student1@lynxacademy.co.za
Redirect callback - URL: http://localhost:3001/auth/signin Base URL: http://localhost:3001
Session callback - Creating session for: student1@lynxacademy.co.za
Redirect callback - URL: http://localhost:3001/auth/signin Base URL: http://localhost:3001
Session callback - Creating session for: student1@lynxacademy.co.za
Redirect callback - URL: http://localhost:3001/auth/signin Base URL: http://localhost:3001
Session callback - Creating session for: student1@lynxacademy.co.za
Redirect callback - URL: http://localhost:3001/auth/signin Base URL: http://localhost:3001
Session callback - Creating session for: student1@lynxacademy.co.za
Redirect callback - URL: http://localhost:3001/auth/signin Base URL: http://localhost:3001
Session callback - Creating session for: student1@lynxacademy.co.za
Redirect callback - URL: http://localhost:3001/auth/signin Base URL: http://localhost:3001
Session callback - Creating session for: student1@lynxacademy.co.za
Redirect callback - URL: http://localhost:3001/auth/signin Base URL: http://localhost:3001
Session callback - Creating session for: student1@lynxacademy.co.za
Redirect callback - URL: http://localhost:3001/auth/signin Base URL: http://localhost:3001
Session callback - Creating session for: student1@lynxacademy.co.za
Redirect callback - URL: http://localhost:3001/auth/signin Base URL: http://localhost:3001
Session callback - Creating session for: student1@lynxacademy.co.za
Redirect callback - URL: http://localhost:3001/auth/signin Base URL: http://localhost:3001
Session callback - Creating session for: student1@lynxacademy.co.za
 ✓ Compiled in 3.7s (2017 modules)
 ✓ Compiled in 1855ms (1779 modules)
 ✓ Compiled in 1569ms (1779 modules)
 ✓ Compiled /api/auth/[...nextauth]/route in 248ms (1028 modules)
[next-auth][warn][DEBUG_ENABLED] 
https://next-auth.js.org/warnings#debug_enabled
Redirect callback - URL: http://localhost:3001/auth/signin Base URL: http://localhost:3001
Session callback - Creating session for: student1@lynxacademy.co.za
Redirect callback - URL: http://localhost:3001/auth/signin Base URL: http://localhost:3001
Session callback - Creating session for: student1@lynxacademy.co.za
Redirect callback - URL: http://localhost:3001/auth/signin Base URL: http://localhost:3001
Session callback - Creating session for: student1@lynxacademy.co.za
 ✓ Compiled in 2s (1779 modules)
 ✓ Compiled in 1788ms (1779 modules)
 ○ Compiling /api/auth/[...nextauth]/route ...
 ✓ Compiled /api/auth/[...nextauth]/route in 748ms (1028 modules)
[next-auth][warn][DEBUG_ENABLED] 
https://next-auth.js.org/warnings#debug_enabled
 ✓ Compiled in 1767ms (1779 modules)
 ✓ Compiled /api/auth/[...nextauth]/route in 303ms (1028 modules)
[next-auth][warn][DEBUG_ENABLED] 
https://next-auth.js.org/warnings#debug_enabled
Redirect callback - URL: http://localhost:3001/auth/signin Base URL: http://localhost:3001
Session callback - Creating session for: student1@lynxacademy.co.za
Redirect callback - URL: http://localhost:3001/auth/signin Base URL: http://localhost:3001
Session callback - Creating session for: student1@lynxacademy.co.za
Redirect callback - URL: http://localhost:3001/auth/signin Base URL: http://localhost:3001
Session callback - Creating session for: student1@lynxacademy.co.za
 ✓ Compiled in 4.7s (1781 modules)
 ✓ Compiled in 3.5s (1787 modules)
 ✓ Compiled in 2.4s (1787 modules)
 ✓ Compiled in 1502ms (1787 modules)
 ○ Compiling /api/auth/[...nextauth]/route ...
 ✓ Compiled /api/auth/[...nextauth]/route in 2.5s (1032 modules)
[next-auth][warn][DEBUG_ENABLED] 
https://next-auth.js.org/warnings#debug_enabled
Redirect callback - URL: http://localhost:3001/auth/signin Base URL: http://localhost:3001
Session callback - Creating session for: student1@lynxacademy.co.za
Redirect callback - URL: http://localhost:3001/auth/signin Base URL: http://localhost:3001
Session callback - Creating session for: student1@lynxacademy.co.za
Redirect callback - URL: http://localhost:3001/auth/signin Base URL: http://localhost:3001
Session callback - Creating session for: student1@lynxacademy.co.za
 ○ Compiling /courses/[id]/page ...
 ✓ Compiled /courses/[id]/page in 1546ms (1066 modules)
 ⨯ ../node_modules/.pnpm/next@14.0.0_@babel+core@7.27.4_react-dom@18.2.0_react@18.2.0__react@18.2.0/node_modules/next/dist/shared/lib/image-loader.js (41:26) @ defaultLoader
 ⨯ Error: Invalid src prop (https://images.unsplash.com/photo-1481627834876-b7833e8f5570?ixlib=rb-4.0.3&auto=format&fit=crop&w=600&q=80) on `next/image`, hostname "images.unsplash.com" is not configured under images in your `next.config.js`
See more info: https://nextjs.org/docs/messages/next-image-unconfigured-host
    at Array.map (<anonymous>)
null
 ⨯ ../node_modules/.pnpm/next@14.0.0_@babel+core@7.27.4_react-dom@18.2.0_react@18.2.0__react@18.2.0/node_modules/next/dist/shared/lib/image-loader.js (41:26) @ defaultLoader
 ⨯ Error: Invalid src prop (https://images.unsplash.com/photo-1559757148-5c350d0d3c56?ixlib=rb-4.0.3&auto=format&fit=crop&w=600&q=80) on `next/image`, hostname "images.unsplash.com" is not configured under images in your `next.config.js`
See more info: https://nextjs.org/docs/messages/next-image-unconfigured-host
    at Array.map (<anonymous>)
null
 ⨯ ../node_modules/.pnpm/next@14.0.0_@babel+core@7.27.4_react-dom@18.2.0_react@18.2.0__react@18.2.0/node_modules/next/dist/shared/lib/image-loader.js (41:26) @ defaultLoader
 ⨯ Error: Invalid src prop (https://images.unsplash.com/photo-1559757148-5c350d0d3c56?ixlib=rb-4.0.3&auto=format&fit=crop&w=600&q=80) on `next/image`, hostname "images.unsplash.com" is not configured under images in your `next.config.js`
See more info: https://nextjs.org/docs/messages/next-image-unconfigured-host
    at Array.map (<anonymous>)
null
 ⨯ ../node_modules/.pnpm/next@14.0.0_@babel+core@7.27.4_react-dom@18.2.0_react@18.2.0__react@18.2.0/node_modules/next/dist/shared/lib/image-loader.js (41:26) @ defaultLoader
 ⨯ Error: Invalid src prop (https://images.unsplash.com/photo-1481627834876-b7833e8f5570?ixlib=rb-4.0.3&auto=format&fit=crop&w=600&q=80) on `next/image`, hostname "images.unsplash.com" is not configured under images in your `next.config.js`
See more info: https://nextjs.org/docs/messages/next-image-unconfigured-host
    at Array.map (<anonymous>)
null
 ⨯ ../node_modules/.pnpm/next@14.0.0_@babel+core@7.27.4_react-dom@18.2.0_react@18.2.0__react@18.2.0/node_modules/next/dist/shared/lib/image-loader.js (41:26) @ defaultLoader
 ⨯ Error: Invalid src prop (https://images.unsplash.com/photo-1596495578065-6e0763fa1178?ixlib=rb-4.0.3&auto=format&fit=crop&w=600&q=80) on `next/image`, hostname "images.unsplash.com" is not configured under images in your `next.config.js`
See more info: https://nextjs.org/docs/messages/next-image-unconfigured-host
    at Array.map (<anonymous>)
null
 ⨯ ../node_modules/.pnpm/next@14.0.0_@babel+core@7.27.4_react-dom@18.2.0_react@18.2.0__react@18.2.0/node_modules/next/dist/shared/lib/image-loader.js (41:26) @ defaultLoader
 ⨯ Error: Invalid src prop (https://images.unsplash.com/photo-1532094349884-543bc11b234d?ixlib=rb-4.0.3&auto=format&fit=crop&w=600&q=80) on `next/image`, hostname "images.unsplash.com" is not configured under images in your `next.config.js`
See more info: https://nextjs.org/docs/messages/next-image-unconfigured-host
    at Array.map (<anonymous>)
null
[next-auth][warn][DEBUG_ENABLED] 
https://next-auth.js.org/warnings#debug_enabled
Redirect callback - URL: http://localhost:3001/auth/signin Base URL: http://localhost:3001
Session callback - Creating session for: student1@lynxacademy.co.za
Redirect callback - URL: http://localhost:3001/auth/signin Base URL: http://localhost:3001
Session callback - Creating session for: student1@lynxacademy.co.za
Redirect callback - URL: http://localhost:3001/auth/signin Base URL: http://localhost:3001
Session callback - Creating session for: student1@lynxacademy.co.za
Redirect callback - URL: http://localhost:3001/auth/signin Base URL: http://localhost:3001
Session callback - Creating session for: student1@lynxacademy.co.za
Redirect callback - URL: http://localhost:3001/auth/signin Base URL: http://localhost:3001
Session callback - Creating session for: student1@lynxacademy.co.za
Redirect callback - URL: http://localhost:3001/auth/signin Base URL: http://localhost:3001
Session callback - Creating session for: student1@lynxacademy.co.za
Redirect callback - URL: http://localhost:3001/auth/signin Base URL: http://localhost:3001
Session callback - Creating session for: student1@lynxacademy.co.za
 ○ Compiling /not-found ...
 ✓ Compiled /not-found in 2.4s (2064 modules)
[next-auth][warn][DEBUG_ENABLED] 
https://next-auth.js.org/warnings#debug_enabled
Redirect callback - URL: http://localhost:3001/auth/signin Base URL: http://localhost:3001
Session callback - Creating session for: student1@lynxacademy.co.za
 ⨯ ../node_modules/.pnpm/next@14.0.0_@babel+core@7.27.4_react-dom@18.2.0_react@18.2.0__react@18.2.0/node_modules/next/dist/shared/lib/image-loader.js (41:26) @ defaultLoader
 ⨯ Error: Invalid src prop (https://images.unsplash.com/photo-1596495578065-6e0763fa1178?ixlib=rb-4.0.3&auto=format&fit=crop&w=600&q=80) on `next/image`, hostname "images.unsplash.com" is not configured under images in your `next.config.js`
See more info: https://nextjs.org/docs/messages/next-image-unconfigured-host
    at Array.map (<anonymous>)
null
 ⨯ ../node_modules/.pnpm/next@14.0.0_@babel+core@7.27.4_react-dom@18.2.0_react@18.2.0__react@18.2.0/node_modules/next/dist/shared/lib/image-loader.js (41:26) @ defaultLoader
 ⨯ Error: Invalid src prop (https://images.unsplash.com/photo-1532094349884-543bc11b234d?ixlib=rb-4.0.3&auto=format&fit=crop&w=600&q=80) on `next/image`, hostname "images.unsplash.com" is not configured under images in your `next.config.js`
See more info: https://nextjs.org/docs/messages/next-image-unconfigured-host
    at Array.map (<anonymous>)
null
 ⨯ ../node_modules/.pnpm/next@14.0.0_@babel+core@7.27.4_react-dom@18.2.0_react@18.2.0__react@18.2.0/node_modules/next/dist/shared/lib/image-loader.js (41:26) @ defaultLoader
 ⨯ Error: Invalid src prop (https://images.unsplash.com/photo-1596495578065-6e0763fa1178?ixlib=rb-4.0.3&auto=format&fit=crop&w=600&q=80) on `next/image`, hostname "images.unsplash.com" is not configured under images in your `next.config.js`
See more info: https://nextjs.org/docs/messages/next-image-unconfigured-host
    at Array.map (<anonymous>)
null
 ⨯ ../node_modules/.pnpm/next@14.0.0_@babel+core@7.27.4_react-dom@18.2.0_react@18.2.0__react@18.2.0/node_modules/next/dist/shared/lib/image-loader.js (41:26) @ defaultLoader
 ⨯ Error: Invalid src prop (https://images.unsplash.com/photo-1481627834876-b7833e8f5570?ixlib=rb-4.0.3&auto=format&fit=crop&w=600&q=80) on `next/image`, hostname "images.unsplash.com" is not configured under images in your `next.config.js`
See more info: https://nextjs.org/docs/messages/next-image-unconfigured-host
    at Array.map (<anonymous>)
null
 ⨯ ../node_modules/.pnpm/next@14.0.0_@babel+core@7.27.4_react-dom@18.2.0_react@18.2.0__react@18.2.0/node_modules/next/dist/shared/lib/image-loader.js (41:26) @ defaultLoader
 ⨯ Error: Invalid src prop (https://images.unsplash.com/photo-1596495578065-6e0763fa1178?ixlib=rb-4.0.3&auto=format&fit=crop&w=600&q=80) on `next/image`, hostname "images.unsplash.com" is not configured under images in your `next.config.js`
See more info: https://nextjs.org/docs/messages/next-image-unconfigured-host
    at Array.map (<anonymous>)
null
Redirect callback - URL: http://localhost:3001/auth/signin Base URL: http://localhost:3001
Session callback - Creating session for: student1@lynxacademy.co.za
Redirect callback - URL: http://localhost:3001/auth/signin Base URL: http://localhost:3001
Session callback - Creating session for: student1@lynxacademy.co.za
 ⨯ ../node_modules/.pnpm/next@14.0.0_@babel+core@7.27.4_react-dom@18.2.0_react@18.2.0__react@18.2.0/node_modules/next/dist/shared/lib/image-loader.js (41:26) @ defaultLoader
 ⨯ Error: Invalid src prop (https://images.unsplash.com/photo-1481627834876-b7833e8f5570?ixlib=rb-4.0.3&auto=format&fit=crop&w=600&q=80) on `next/image`, hostname "images.unsplash.com" is not configured under images in your `next.config.js`
See more info: https://nextjs.org/docs/messages/next-image-unconfigured-host
    at Array.map (<anonymous>)
null
Redirect callback - URL: http://localhost:3001/auth/signin Base URL: http://localhost:3001
Session callback - Creating session for: student1@lynxacademy.co.za
 ⨯ ../node_modules/.pnpm/next@14.0.0_@babel+core@7.27.4_react-dom@18.2.0_react@18.2.0__react@18.2.0/node_modules/next/dist/shared/lib/image-loader.js (41:26) @ defaultLoader
 ⨯ Error: Invalid src prop (https://images.unsplash.com/photo-1559757148-5c350d0d3c56?ixlib=rb-4.0.3&auto=format&fit=crop&w=600&q=80) on `next/image`, hostname "images.unsplash.com" is not configured under images in your `next.config.js`
See more info: https://nextjs.org/docs/messages/next-image-unconfigured-host
    at Array.map (<anonymous>)
null
 ⨯ ../node_modules/.pnpm/next@14.0.0_@babel+core@7.27.4_react-dom@18.2.0_react@18.2.0__react@18.2.0/node_modules/next/dist/shared/lib/image-loader.js (41:26) @ defaultLoader
 ⨯ Error: Invalid src prop (https://images.unsplash.com/photo-1559757148-5c350d0d3c56?ixlib=rb-4.0.3&auto=format&fit=crop&w=600&q=80) on `next/image`, hostname "images.unsplash.com" is not configured under images in your `next.config.js`
See more info: https://nextjs.org/docs/messages/next-image-unconfigured-host
    at Array.map (<anonymous>)
null
 ⨯ ../node_modules/.pnpm/next@14.0.0_@babel+core@7.27.4_react-dom@18.2.0_react@18.2.0__react@18.2.0/node_modules/next/dist/shared/lib/image-loader.js (41:26) @ defaultLoader
 ⨯ Error: Invalid src prop (https://images.unsplash.com/photo-1596495578065-6e0763fa1178?ixlib=rb-4.0.3&auto=format&fit=crop&w=600&q=80) on `next/image`, hostname "images.unsplash.com" is not configured under images in your `next.config.js`
See more info: https://nextjs.org/docs/messages/next-image-unconfigured-host
    at Array.map (<anonymous>)
null
 ⨯ ../node_modules/.pnpm/next@14.0.0_@babel+core@7.27.4_react-dom@18.2.0_react@18.2.0__react@18.2.0/node_modules/next/dist/shared/lib/image-loader.js (41:26) @ defaultLoader
 ⨯ Error: Invalid src prop (https://images.unsplash.com/photo-1481627834876-b7833e8f5570?ixlib=rb-4.0.3&auto=format&fit=crop&w=600&q=80) on `next/image`, hostname "images.unsplash.com" is not configured under images in your `next.config.js`
See more info: https://nextjs.org/docs/messages/next-image-unconfigured-host
    at Array.map (<anonymous>)
null
 ⨯ ../node_modules/.pnpm/next@14.0.0_@babel+core@7.27.4_react-dom@18.2.0_react@18.2.0__react@18.2.0/node_modules/next/dist/shared/lib/image-loader.js (41:26) @ defaultLoader
 ⨯ Error: Invalid src prop (https://images.unsplash.com/photo-1559757148-5c350d0d3c56?ixlib=rb-4.0.3&auto=format&fit=crop&w=600&q=80) on `next/image`, hostname "images.unsplash.com" is not configured under images in your `next.config.js`
See more info: https://nextjs.org/docs/messages/next-image-unconfigured-host
    at Array.map (<anonymous>)
null
 ⨯ ../node_modules/.pnpm/next@14.0.0_@babel+core@7.27.4_react-dom@18.2.0_react@18.2.0__react@18.2.0/node_modules/next/dist/shared/lib/image-loader.js (41:26) @ defaultLoader
 ⨯ Error: Invalid src prop (https://images.unsplash.com/photo-1596495578065-6e0763fa1178?ixlib=rb-4.0.3&auto=format&fit=crop&w=600&q=80) on `next/image`, hostname "images.unsplash.com" is not configured under images in your `next.config.js`
See more info: https://nextjs.org/docs/messages/next-image-unconfigured-host
    at Array.map (<anonymous>)
null
Redirect callback - URL: http://localhost:3001/auth/signin Base URL: http://localhost:3001
Session callback - Creating session for: student1@lynxacademy.co.za
Redirect callback - URL: http://localhost:3001/auth/signin Base URL: http://localhost:3001
Session callback - Creating session for: student1@lynxacademy.co.za
Redirect callback - URL: http://localhost:3001/auth/signin Base URL: http://localhost:3001
Session callback - Creating session for: student1@lynxacademy.co.za
Redirect callback - URL: http://localhost:3001/auth/signin Base URL: http://localhost:3001
Session callback - Creating session for: student1@lynxacademy.co.za
Redirect callback - URL: http://localhost:3001/auth/signin Base URL: http://localhost:3001
Session callback - Creating session for: student1@lynxacademy.co.za
Redirect callback - URL: http://localhost:3001/auth/signin Base URL: http://localhost:3001
Session callback - Creating session for: student1@lynxacademy.co.za
Redirect callback - URL: http://localhost:3001/auth/signin Base URL: http://localhost:3001
Session callback - Creating session for: student1@lynxacademy.co.za
Redirect callback - URL: http://localhost:3001/auth/signin Base URL: http://localhost:3001
Session callback - Creating session for: student1@lynxacademy.co.za
Redirect callback - URL: http://localhost:3001/auth/signin Base URL: http://localhost:3001
Session callback - Creating session for: student1@lynxacademy.co.za
Redirect callback - URL: http://localhost:3001/auth/signin Base URL: http://localhost:3001
Session callback - Creating session for: student1@lynxacademy.co.za
Redirect callback - URL: http://localhost:3001/auth/signin Base URL: http://localhost:3001
Session callback - Creating session for: student1@lynxacademy.co.za
Redirect callback - URL: http://localhost:3001/auth/signin Base URL: http://localhost:3001
Session callback - Creating session for: student1@lynxacademy.co.za
Redirect callback - URL: http://localhost:3001/auth/signin Base URL: http://localhost:3001
Session callback - Creating session for: student1@lynxacademy.co.za
 ⨯ ../node_modules/.pnpm/next@14.0.0_@babel+core@7.27.4_react-dom@18.2.0_react@18.2.0__react@18.2.0/node_modules/next/dist/shared/lib/image-loader.js (41:26) @ defaultLoader
 ⨯ Error: Invalid src prop (https://images.unsplash.com/photo-1596495578065-6e0763fa1178?ixlib=rb-4.0.3&auto=format&fit=crop&w=600&q=80) on `next/image`, hostname "images.unsplash.com" is not configured under images in your `next.config.js`
See more info: https://nextjs.org/docs/messages/next-image-unconfigured-host
    at Array.map (<anonymous>)
null
 ⨯ ../node_modules/.pnpm/next@14.0.0_@babel+core@7.27.4_react-dom@18.2.0_react@18.2.0__react@18.2.0/node_modules/next/dist/shared/lib/image-loader.js (41:26) @ defaultLoader
 ⨯ Error: Invalid src prop (https://images.unsplash.com/photo-1481627834876-b7833e8f5570?ixlib=rb-4.0.3&auto=format&fit=crop&w=600&q=80) on `next/image`, hostname "images.unsplash.com" is not configured under images in your `next.config.js`
See more info: https://nextjs.org/docs/messages/next-image-unconfigured-host
    at Array.map (<anonymous>)
null
 ⨯ ../node_modules/.pnpm/next@14.0.0_@babel+core@7.27.4_react-dom@18.2.0_react@18.2.0__react@18.2.0/node_modules/next/dist/shared/lib/image-loader.js (41:26) @ defaultLoader
 ⨯ Error: Invalid src prop (https://images.unsplash.com/photo-1481627834876-b7833e8f5570?ixlib=rb-4.0.3&auto=format&fit=crop&w=600&q=80) on `next/image`, hostname "images.unsplash.com" is not configured under images in your `next.config.js`
See more info: https://nextjs.org/docs/messages/next-image-unconfigured-host
    at Array.map (<anonymous>)
null
 ⨯ ../node_modules/.pnpm/next@14.0.0_@babel+core@7.27.4_react-dom@18.2.0_react@18.2.0__react@18.2.0/node_modules/next/dist/shared/lib/image-loader.js (41:26) @ defaultLoader
 ⨯ Error: Invalid src prop (https://images.unsplash.com/photo-1481627834876-b7833e8f5570?ixlib=rb-4.0.3&auto=format&fit=crop&w=600&q=80) on `next/image`, hostname "images.unsplash.com" is not configured under images in your `next.config.js`
See more info: https://nextjs.org/docs/messages/next-image-unconfigured-host
    at Array.map (<anonymous>)
null
 ⨯ ../node_modules/.pnpm/next@14.0.0_@babel+core@7.27.4_react-dom@18.2.0_react@18.2.0__react@18.2.0/node_modules/next/dist/shared/lib/image-loader.js (41:26) @ defaultLoader
 ⨯ Error: Invalid src prop (https://images.unsplash.com/photo-1596495578065-6e0763fa1178?ixlib=rb-4.0.3&auto=format&fit=crop&w=600&q=80) on `next/image`, hostname "images.unsplash.com" is not configured under images in your `next.config.js`
See more info: https://nextjs.org/docs/messages/next-image-unconfigured-host
    at Array.map (<anonymous>)
null
 ⨯ ../node_modules/.pnpm/next@14.0.0_@babel+core@7.27.4_react-dom@18.2.0_react@18.2.0__react@18.2.0/node_modules/next/dist/shared/lib/image-loader.js (41:26) @ defaultLoader
 ⨯ Error: Invalid src prop (https://images.unsplash.com/photo-1596495578065-6e0763fa1178?ixlib=rb-4.0.3&auto=format&fit=crop&w=600&q=80) on `next/image`, hostname "images.unsplash.com" is not configured under images in your `next.config.js`
See more info: https://nextjs.org/docs/messages/next-image-unconfigured-host
    at Array.map (<anonymous>)
null
Redirect callback - URL: http://localhost:3001/auth/signin Base URL: http://localhost:3001
Session callback - Creating session for: student1@lynxacademy.co.za
Redirect callback - URL: http://localhost:3001/auth/signin Base URL: http://localhost:3001
Session callback - Creating session for: student1@lynxacademy.co.za
Redirect callback - URL: http://localhost:3001/auth/signin Base URL: http://localhost:3001
Session callback - Creating session for: student1@lynxacademy.co.za
Redirect callback - URL: http://localhost:3001/auth/signin Base URL: http://localhost:3001
Session callback - Creating session for: student1@lynxacademy.co.za
 ✓ Compiled in 4.2s (1787 modules)
 ⨯ ./app/dashboard/page.tsx
Error: 
  [31mx[0m Unexpected token `< (jsx tag start)`. Expected identifier or string
    ,-[[36;1;4m/Users/derahmanyelo/Documents/GitHub/EduLynx/packages/lynxlearn-lms/app/dashboard/page.tsx[0m:18:1]
 [2m18[0m |   Target,
 [2m19[0m |   Timer,
 [2m20[0m |   TrendingUp,
 [2m21[0m |   Trophy,    <ModernLayout>
    : [31;1m             ^[0m
 [2m22[0m |       <motion.div 
 [2m23[0m |         initial="hidden"
 [2m24[0m |         animate="visible"
    `----

Caused by:
    Syntax Error

Import trace for requested module:
./app/dashboard/page.tsx
 ○ Compiling /not-found ...
 ✓ Compiled /not-found in 2.5s (1778 modules)
 ⚠ Fast Refresh had to perform a full reload. Read more: https://nextjs.org/docs/messages/fast-refresh-reload
 ⚠ Fast Refresh had to perform a full reload due to a runtime error.
 ○ Compiling /api/auth/[...nextauth]/route ...
 ✓ Compiled /courses/[id]/page in 2.7s (1035 modules)
 ✓ Compiled (1069 modules)
[next-auth][warn][DEBUG_ENABLED] 
https://next-auth.js.org/warnings#debug_enabled
Redirect callback - URL: http://localhost:3001/auth/signin Base URL: http://localhost:3001
Session callback - Creating session for: student1@lynxacademy.co.za
 ⨯ ../node_modules/.pnpm/next@14.0.0_@babel+core@7.27.4_react-dom@18.2.0_react@18.2.0__react@18.2.0/node_modules/next/dist/shared/lib/image-loader.js (41:26) @ defaultLoader
 ⨯ Error: Invalid src prop (https://images.unsplash.com/photo-1596495578065-6e0763fa1178?ixlib=rb-4.0.3&auto=format&fit=crop&w=600&q=80) on `next/image`, hostname "images.unsplash.com" is not configured under images in your `next.config.js`
See more info: https://nextjs.org/docs/messages/next-image-unconfigured-host
    at Array.map (<anonymous>)
null
 ⨯ ../node_modules/.pnpm/next@14.0.0_@babel+core@7.27.4_react-dom@18.2.0_react@18.2.0__react@18.2.0/node_modules/next/dist/shared/lib/image-loader.js (41:26) @ defaultLoader
 ⨯ Error: Invalid src prop (https://images.unsplash.com/photo-1481627834876-b7833e8f5570?ixlib=rb-4.0.3&auto=format&fit=crop&w=600&q=80) on `next/image`, hostname "images.unsplash.com" is not configured under images in your `next.config.js`
See more info: https://nextjs.org/docs/messages/next-image-unconfigured-host
    at Array.map (<anonymous>)
null
 ⨯ ../node_modules/.pnpm/next@14.0.0_@babel+core@7.27.4_react-dom@18.2.0_react@18.2.0__react@18.2.0/node_modules/next/dist/shared/lib/image-loader.js (41:26) @ defaultLoader
 ⨯ Error: Invalid src prop (https://images.unsplash.com/photo-1481627834876-b7833e8f5570?ixlib=rb-4.0.3&auto=format&fit=crop&w=600&q=80) on `next/image`, hostname "images.unsplash.com" is not configured under images in your `next.config.js`
See more info: https://nextjs.org/docs/messages/next-image-unconfigured-host
    at Array.map (<anonymous>)
null
Redirect callback - URL: http://localhost:3001/auth/signin Base URL: http://localhost:3001
Session callback - Creating session for: student1@lynxacademy.co.za
 ⨯ ./app/dashboard/page.tsx
Error: 
  [31mx[0m Expected ',', got 'return'
    ,-[[36;1;4m/Users/derahmanyelo/Documents/GitHub/EduLynx/packages/lynxlearn-lms/app/dashboard/page.tsx[0m:18:1]
 [2m18[0m |   Target,
 [2m19[0m |   Timer,
 [2m20[0m |   TrendingUp,
 [2m21[0m |   Trophy  return (
    : [31;1m          ^^^^^^[0m
 [2m22[0m |     <ModernLayout>
 [2m23[0m |       <div className="min-h-screen bg-gradient-to-br from-slate-50 via-blue-50 to-indigo-50 dark:from-slate-900 dark:via-slate-800 dark:to-indigo-900">
 [2m24[0m |         <motion.div 
    `----

Caused by:
    Syntax Error

Import trace for requested module:
./app/dashboard/page.tsx
 ⚠ Fast Refresh had to perform a full reload. Read more: https://nextjs.org/docs/messages/fast-refresh-reload
 ⨯ ./app/dashboard/page.tsx
Error: 
  [31mx[0m Expression expected
    ,-[[36;1;4m/Users/derahmanyelo/Documents/GitHub/EduLynx/packages/lynxlearn-lms/app/dashboard/page.tsx[0m:22:1]
 [2m22[0m |   Users,
 [2m23[0m |   Zap,
 [2m24[0m | } from 'lucide-react';
 [2m25[0m | } from 'lucide-react';
    : [31;1m^[0m
 [2m26[0m | import { useSession } from 'next-auth/react';
 [2m27[0m | import Link from 'next/link';
 [2m28[0m | import { useRouter } from 'next/navigation';
    `----

Caused by:
    Syntax Error

Import trace for requested module:
./app/dashboard/page.tsx
 ⚠ Fast Refresh had to perform a full reload due to a runtime error.
 ⚠ Fast Refresh had to perform a full reload. Read more: https://nextjs.org/docs/messages/fast-refresh-reload
 ⚠ Fast Refresh had to perform a full reload. Read more: https://nextjs.org/docs/messages/fast-refresh-reload
 ⨯ ./app/dashboard/page.tsx
Error: 
  [31mx[0m Expression expected
    ,-[[36;1;4m/Users/derahmanyelo/Documents/GitHub/EduLynx/packages/lynxlearn-lms/app/dashboard/page.tsx[0m:22:1]
 [2m22[0m |   Users,
 [2m23[0m |   Zap,
 [2m24[0m | } from 'lucide-react';
 [2m25[0m | } from 'lucide-react';
    : [31;1m^[0m
 [2m26[0m | import { useSession } from 'next-auth/react';
 [2m27[0m | import Link from 'next/link';
 [2m28[0m | import { useRouter } from 'next/navigation';
    `----

Caused by:
    Syntax Error

Import trace for requested module:
./app/dashboard/page.tsx
 ⚠ Fast Refresh had to perform a full reload due to a runtime error.
 ⚠ Fast Refresh had to perform a full reload. Read more: https://nextjs.org/docs/messages/fast-refresh-reload
 ⚠ Fast Refresh had to perform a full reload. Read more: https://nextjs.org/docs/messages/fast-refresh-reload
 ⨯ ./app/dashboard/page.tsx
Error: 
  [31mx[0m Expression expected
    ,-[[36;1;4m/Users/derahmanyelo/Documents/GitHub/EduLynx/packages/lynxlearn-lms/app/dashboard/page.tsx[0m:22:1]
 [2m22[0m |   Users,
 [2m23[0m |   Zap,
 [2m24[0m | } from 'lucide-react';
 [2m25[0m | } from 'lucide-react';
    : [31;1m^[0m
 [2m26[0m | import { useSession } from 'next-auth/react';
 [2m27[0m | import Link from 'next/link';
 [2m28[0m | import { useRouter } from 'next/navigation';
    `----

Caused by:
    Syntax Error

Import trace for requested module:
./app/dashboard/page.tsx
 ⚠ Fast Refresh had to perform a full reload. Read more: https://nextjs.org/docs/messages/fast-refresh-reload
 ⚠ Fast Refresh had to perform a full reload due to a runtime error.
 ⚠ Fast Refresh had to perform a full reload. Read more: https://nextjs.org/docs/messages/fast-refresh-reload
 ⨯ ./app/dashboard/page.tsx
Error: 
  [31mx[0m Expression expected
    ,-[[36;1;4m/Users/derahmanyelo/Documents/GitHub/EduLynx/packages/lynxlearn-lms/app/dashboard/page.tsx[0m:22:1]
 [2m22[0m |   Users,
 [2m23[0m |   Zap,
 [2m24[0m | } from 'lucide-react';
 [2m25[0m | } from 'lucide-react';
    : [31;1m^[0m
 [2m26[0m | import { useSession } from 'next-auth/react';
 [2m27[0m | import Link from 'next/link';
 [2m28[0m | import { useRouter } from 'next/navigation';
    `----

Caused by:
    Syntax Error

Import trace for requested module:
./app/dashboard/page.tsx
 ⚠ Fast Refresh had to perform a full reload due to a runtime error.
 ⚠ Fast Refresh had to perform a full reload. Read more: https://nextjs.org/docs/messages/fast-refresh-reload
 ⚠ Fast Refresh had to perform a full reload. Read more: https://nextjs.org/docs/messages/fast-refresh-reload
 ✓ Compiled in 4.6s (1792 modules)
 ⚠ Fast Refresh had to perform a full reload. Read more: https://nextjs.org/docs/messages/fast-refresh-reload
 ⚠ Fast Refresh had to perform a full reload due to a runtime error.
 ⚠ Fast Refresh had to perform a full reload. Read more: https://nextjs.org/docs/messages/fast-refresh-reload
 ✓ Compiled (1778 modules)
 ○ Compiling /courses/[id]/page ...
 ✓ Compiled /courses/[id]/page in 1459ms (1035 modules)
 ✓ Compiled (1069 modules)
[next-auth][warn][DEBUG_ENABLED] 
https://next-auth.js.org/warnings#debug_enabled
Redirect callback - URL: http://localhost:3001/auth/signin Base URL: http://localhost:3001
Session callback - Creating session for: student1@lynxacademy.co.za
 ⨯ ../node_modules/.pnpm/next@14.0.0_@babel+core@7.27.4_react-dom@18.2.0_react@18.2.0__react@18.2.0/node_modules/next/dist/shared/lib/image-loader.js (41:26) @ defaultLoader
 ⨯ Error: Invalid src prop (https://images.unsplash.com/photo-1532094349884-543bc11b234d?ixlib=rb-4.0.3&auto=format&fit=crop&w=600&q=80) on `next/image`, hostname "images.unsplash.com" is not configured under images in your `next.config.js`
See more info: https://nextjs.org/docs/messages/next-image-unconfigured-host
    at Array.map (<anonymous>)
null
 ⨯ ../node_modules/.pnpm/next@14.0.0_@babel+core@7.27.4_react-dom@18.2.0_react@18.2.0__react@18.2.0/node_modules/next/dist/shared/lib/image-loader.js (41:26) @ defaultLoader
 ⨯ Error: Invalid src prop (https://images.unsplash.com/photo-1481627834876-b7833e8f5570?ixlib=rb-4.0.3&auto=format&fit=crop&w=600&q=80) on `next/image`, hostname "images.unsplash.com" is not configured under images in your `next.config.js`
See more info: https://nextjs.org/docs/messages/next-image-unconfigured-host
    at Array.map (<anonymous>)
null
 ⨯ ../node_modules/.pnpm/next@14.0.0_@babel+core@7.27.4_react-dom@18.2.0_react@18.2.0__react@18.2.0/node_modules/next/dist/shared/lib/image-loader.js (41:26) @ defaultLoader
 ⨯ Error: Invalid src prop (https://images.unsplash.com/photo-1559757148-5c350d0d3c56?ixlib=rb-4.0.3&auto=format&fit=crop&w=600&q=80) on `next/image`, hostname "images.unsplash.com" is not configured under images in your `next.config.js`
See more info: https://nextjs.org/docs/messages/next-image-unconfigured-host
    at Array.map (<anonymous>)
null
Redirect callback - URL: http://localhost:3001/auth/signin Base URL: http://localhost:3001
Session callback - Creating session for: student1@lynxacademy.co.za
 ⨯ ../node_modules/.pnpm/next@14.0.0_@babel+core@7.27.4_react-dom@18.2.0_react@18.2.0__react@18.2.0/node_modules/next/dist/shared/lib/image-loader.js (41:26) @ defaultLoader
 ⨯ Error: Invalid src prop (https://images.unsplash.com/photo-1596495578065-6e0763fa1178?ixlib=rb-4.0.3&auto=format&fit=crop&w=600&q=80) on `next/image`, hostname "images.unsplash.com" is not configured under images in your `next.config.js`
See more info: https://nextjs.org/docs/messages/next-image-unconfigured-host
    at Array.map (<anonymous>)
null
 ⨯ ../node_modules/.pnpm/next@14.0.0_@babel+core@7.27.4_react-dom@18.2.0_react@18.2.0__react@18.2.0/node_modules/next/dist/shared/lib/image-loader.js (41:26) @ defaultLoader
 ⨯ Error: Invalid src prop (https://images.unsplash.com/photo-1596495578065-6e0763fa1178?ixlib=rb-4.0.3&auto=format&fit=crop&w=600&q=80) on `next/image`, hostname "images.unsplash.com" is not configured under images in your `next.config.js`
See more info: https://nextjs.org/docs/messages/next-image-unconfigured-host
    at Array.map (<anonymous>)
null
 ⨯ ../node_modules/.pnpm/next@14.0.0_@babel+core@7.27.4_react-dom@18.2.0_react@18.2.0__react@18.2.0/node_modules/next/dist/shared/lib/image-loader.js (41:26) @ defaultLoader
 ⨯ Error: Invalid src prop (https://images.unsplash.com/photo-1596495578065-6e0763fa1178?ixlib=rb-4.0.3&auto=format&fit=crop&w=600&q=80) on `next/image`, hostname "images.unsplash.com" is not configured under images in your `next.config.js`
See more info: https://nextjs.org/docs/messages/next-image-unconfigured-host
    at Array.map (<anonymous>)
null
 ⨯ ../node_modules/.pnpm/next@14.0.0_@babel+core@7.27.4_react-dom@18.2.0_react@18.2.0__react@18.2.0/node_modules/next/dist/shared/lib/image-loader.js (41:26) @ defaultLoader
 ⨯ Error: Invalid src prop (https://images.unsplash.com/photo-1481627834876-b7833e8f5570?ixlib=rb-4.0.3&auto=format&fit=crop&w=600&q=80) on `next/image`, hostname "images.unsplash.com" is not configured under images in your `next.config.js`
See more info: https://nextjs.org/docs/messages/next-image-unconfigured-host
    at Array.map (<anonymous>)
null
Redirect callback - URL: http://localhost:3001/auth/signin Base URL: http://localhost:3001
Session callback - Creating session for: student1@lynxacademy.co.za
Redirect callback - URL: http://localhost:3001/auth/signin Base URL: http://localhost:3001
Session callback - Creating session for: student1@lynxacademy.co.za
 ⨯ ../node_modules/.pnpm/next@14.0.0_@babel+core@7.27.4_react-dom@18.2.0_react@18.2.0__react@18.2.0/node_modules/next/dist/shared/lib/image-loader.js (41:26) @ defaultLoader
 ⨯ Error: Invalid src prop (https://images.unsplash.com/photo-1559757148-5c350d0d3c56?ixlib=rb-4.0.3&auto=format&fit=crop&w=600&q=80) on `next/image`, hostname "images.unsplash.com" is not configured under images in your `next.config.js`
See more info: https://nextjs.org/docs/messages/next-image-unconfigured-host
    at Array.map (<anonymous>)
null
 ⨯ ../node_modules/.pnpm/next@14.0.0_@babel+core@7.27.4_react-dom@18.2.0_react@18.2.0__react@18.2.0/node_modules/next/dist/shared/lib/image-loader.js (41:26) @ defaultLoader
 ⨯ Error: Invalid src prop (https://images.unsplash.com/photo-1559757148-5c350d0d3c56?ixlib=rb-4.0.3&auto=format&fit=crop&w=600&q=80) on `next/image`, hostname "images.unsplash.com" is not configured under images in your `next.config.js`
See more info: https://nextjs.org/docs/messages/next-image-unconfigured-host
    at Array.map (<anonymous>)
null
 ⨯ ../node_modules/.pnpm/next@14.0.0_@babel+core@7.27.4_react-dom@18.2.0_react@18.2.0__react@18.2.0/node_modules/next/dist/shared/lib/image-loader.js (41:26) @ defaultLoader
 ⨯ Error: Invalid src prop (https://images.unsplash.com/photo-1481627834876-b7833e8f5570?ixlib=rb-4.0.3&auto=format&fit=crop&w=600&q=80) on `next/image`, hostname "images.unsplash.com" is not configured under images in your `next.config.js`
See more info: https://nextjs.org/docs/messages/next-image-unconfigured-host
    at Array.map (<anonymous>)
null
 ⨯ ../node_modules/.pnpm/next@14.0.0_@babel+core@7.27.4_react-dom@18.2.0_react@18.2.0__react@18.2.0/node_modules/next/dist/shared/lib/image-loader.js (41:26) @ defaultLoader
 ⨯ Error: Invalid src prop (https://images.unsplash.com/photo-1596495578065-6e0763fa1178?ixlib=rb-4.0.3&auto=format&fit=crop&w=600&q=80) on `next/image`, hostname "images.unsplash.com" is not configured under images in your `next.config.js`
See more info: https://nextjs.org/docs/messages/next-image-unconfigured-host
    at Array.map (<anonymous>)
null
Redirect callback - URL: http://localhost:3001/auth/signin Base URL: http://localhost:3001
Session callback - Creating session for: student1@lynxacademy.co.za
 ⨯ ../node_modules/.pnpm/next@14.0.0_@babel+core@7.27.4_react-dom@18.2.0_react@18.2.0__react@18.2.0/node_modules/next/dist/shared/lib/image-loader.js (41:26) @ defaultLoader
 ⨯ Error: Invalid src prop (https://images.unsplash.com/photo-1481627834876-b7833e8f5570?ixlib=rb-4.0.3&auto=format&fit=crop&w=600&q=80) on `next/image`, hostname "images.unsplash.com" is not configured under images in your `next.config.js`
See more info: https://nextjs.org/docs/messages/next-image-unconfigured-host
    at Array.map (<anonymous>)
null
Redirect callback - URL: http://localhost:3001/auth/signin Base URL: http://localhost:3001
Session callback - Creating session for: student1@lynxacademy.co.za
Redirect callback - URL: http://localhost:3001/auth/signin Base URL: http://localhost:3001
Session callback - Creating session for: student1@lynxacademy.co.za
Redirect callback - URL: http://localhost:3001/auth/signin Base URL: http://localhost:3001
Session callback - Creating session for: student1@lynxacademy.co.za
Redirect callback - URL: http://localhost:3001/auth/signin Base URL: http://localhost:3001
Session callback - Creating session for: student1@lynxacademy.co.za
Redirect callback - URL: http://localhost:3001/auth/signin Base URL: http://localhost:3001
Session callback - Creating session for: student1@lynxacademy.co.za
 ⨯ ./components/courses/ModernCoursesPage.tsx
Error: 
  [31mx[0m Unexpected token `ModernLayout`. Expected jsx identifier
     ,-[[36;1;4m/Users/derahmanyelo/Documents/GitHub/EduLynx/packages/lynxlearn-lms/components/courses/ModernCoursesPage.tsx[0m:309:1]
 [2m309[0m |   };
 [2m310[0m | 
 [2m311[0m |   return (
 [2m312[0m |     <ModernLayout>
     : [31;1m     ^^^^^^^^^^^^[0m
 [2m313[0m |       <div className="min-h-screen bg-gradient-to-br from-slate-50 via-blue-50 to-indigo-50 dark:from-slate-900 dark:via-slate-800 dark:to-indigo-900">
 [2m314[0m |         <motion.div
 [2m315[0m |           variants={containerVariants}
     `----

Caused by:
    Syntax Error

Import trace for requested module:
./components/courses/ModernCoursesPage.tsx
./app/courses/page.tsx
 ✓ Compiled in 6.8s (2064 modules)
[next-auth][warn][DEBUG_ENABLED] 
https://next-auth.js.org/warnings#debug_enabled
Redirect callback - URL: http://localhost:3001/auth/signin Base URL: http://localhost:3001
Session callback - Creating session for: student1@lynxacademy.co.za
Redirect callback - URL: http://localhost:3001/auth/signin Base URL: http://localhost:3001
Session callback - Creating session for: student1@lynxacademy.co.za
Redirect callback - URL: http://localhost:3001/auth/signin Base URL: http://localhost:3001
Session callback - Creating session for: student1@lynxacademy.co.za
 ⨯ ../node_modules/.pnpm/next@14.0.0_@babel+core@7.27.4_react-dom@18.2.0_react@18.2.0__react@18.2.0/node_modules/next/dist/shared/lib/image-loader.js (41:26) @ defaultLoader
 ⨯ Error: Invalid src prop (https://images.unsplash.com/photo-1559757148-5c350d0d3c56?ixlib=rb-4.0.3&auto=format&fit=crop&w=600&q=80) on `next/image`, hostname "images.unsplash.com" is not configured under images in your `next.config.js`
See more info: https://nextjs.org/docs/messages/next-image-unconfigured-host
    at Array.map (<anonymous>)
null
 ⨯ ../node_modules/.pnpm/next@14.0.0_@babel+core@7.27.4_react-dom@18.2.0_react@18.2.0__react@18.2.0/node_modules/next/dist/shared/lib/image-loader.js (41:26) @ defaultLoader
 ⨯ Error: Invalid src prop (https://images.unsplash.com/photo-1481627834876-b7833e8f5570?ixlib=rb-4.0.3&auto=format&fit=crop&w=600&q=80) on `next/image`, hostname "images.unsplash.com" is not configured under images in your `next.config.js`
See more info: https://nextjs.org/docs/messages/next-image-unconfigured-host
    at Array.map (<anonymous>)
null
 ⨯ ../node_modules/.pnpm/next@14.0.0_@babel+core@7.27.4_react-dom@18.2.0_react@18.2.0__react@18.2.0/node_modules/next/dist/shared/lib/image-loader.js (41:26) @ defaultLoader
 ⨯ Error: Invalid src prop (https://images.unsplash.com/photo-1596495578065-6e0763fa1178?ixlib=rb-4.0.3&auto=format&fit=crop&w=600&q=80) on `next/image`, hostname "images.unsplash.com" is not configured under images in your `next.config.js`
See more info: https://nextjs.org/docs/messages/next-image-unconfigured-host
    at Array.map (<anonymous>)
null
 ⨯ ../node_modules/.pnpm/next@14.0.0_@babel+core@7.27.4_react-dom@18.2.0_react@18.2.0__react@18.2.0/node_modules/next/dist/shared/lib/image-loader.js (41:26) @ defaultLoader
 ⨯ Error: Invalid src prop (https://images.unsplash.com/photo-1481627834876-b7833e8f5570?ixlib=rb-4.0.3&auto=format&fit=crop&w=600&q=80) on `next/image`, hostname "images.unsplash.com" is not configured under images in your `next.config.js`
See more info: https://nextjs.org/docs/messages/next-image-unconfigured-host
    at Array.map (<anonymous>)
null
 ⨯ ../node_modules/.pnpm/next@14.0.0_@babel+core@7.27.4_react-dom@18.2.0_react@18.2.0__react@18.2.0/node_modules/next/dist/shared/lib/image-loader.js (41:26) @ defaultLoader
 ⨯ Error: Invalid src prop (https://images.unsplash.com/photo-1559757148-5c350d0d3c56?ixlib=rb-4.0.3&auto=format&fit=crop&w=600&q=80) on `next/image`, hostname "images.unsplash.com" is not configured under images in your `next.config.js`
See more info: https://nextjs.org/docs/messages/next-image-unconfigured-host
    at Array.map (<anonymous>)
null
 ⨯ ../node_modules/.pnpm/next@14.0.0_@babel+core@7.27.4_react-dom@18.2.0_react@18.2.0__react@18.2.0/node_modules/next/dist/shared/lib/image-loader.js (41:26) @ defaultLoader
 ⨯ Error: Invalid src prop (https://images.unsplash.com/photo-1481627834876-b7833e8f5570?ixlib=rb-4.0.3&auto=format&fit=crop&w=600&q=80) on `next/image`, hostname "images.unsplash.com" is not configured under images in your `next.config.js`
See more info: https://nextjs.org/docs/messages/next-image-unconfigured-host
    at Array.map (<anonymous>)
null
Redirect callback - URL: http://localhost:3001/auth/signin Base URL: http://localhost:3001
Session callback - Creating session for: student1@lynxacademy.co.za
Redirect callback - URL: http://localhost:3001/auth/signin Base URL: http://localhost:3001
Session callback - Creating session for: student1@lynxacademy.co.za
Redirect callback - URL: http://localhost:3001/auth/signin Base URL: http://localhost:3001
Session callback - Creating session for: student1@lynxacademy.co.za
Redirect callback - URL: http://localhost:3001/auth/signin Base URL: http://localhost:3001
Session callback - Creating session for: student1@lynxacademy.co.za
Redirect callback - URL: http://localhost:3001/auth/signin Base URL: http://localhost:3001
Session callback - Creating session for: student1@lynxacademy.co.za
Redirect callback - URL: http://localhost:3001/auth/signin Base URL: http://localhost:3001
Session callback - Creating session for: student1@lynxacademy.co.za
Redirect callback - URL: http://localhost:3001/auth/signin Base URL: http://localhost:3001
Session callback - Creating session for: student1@lynxacademy.co.za
 ✓ Compiled in 2.3s (2059 modules)
 ✓ Compiled in 2.4s (2059 modules)
 ✓ Compiled in 1907ms (1787 modules)
 ✓ Compiled in 1712ms (1787 modules)
 ✓ Compiled in 1599ms (1787 modules)
 ○ Compiling /api/auth/[...nextauth]/route ...
 ✓ Compiled /api/auth/[...nextauth]/route in 835ms (1032 modules)
[next-auth][warn][DEBUG_ENABLED] 
https://next-auth.js.org/warnings#debug_enabled
 ✓ Compiled in 13.6s (1787 modules)
 ✓ Compiled /api/auth/[...nextauth]/route in 467ms (1032 modules)
[next-auth][warn][DEBUG_ENABLED] 
https://next-auth.js.org/warnings#debug_enabled
Redirect callback - URL: http://localhost:3001/auth/signin Base URL: http://localhost:3001
Session callback - Creating session for: student1@lynxacademy.co.za
Redirect callback - URL: http://localhost:3001/auth/signin Base URL: http://localhost:3001
Session callback - Creating session for: student1@lynxacademy.co.za
Redirect callback - URL: http://localhost:3001/auth/signin Base URL: http://localhost:3001
Session callback - Creating session for: student1@lynxacademy.co.za
Redirect callback - URL: http://localhost:3001/auth/signin Base URL: http://localhost:3001
Session callback - Creating session for: student1@lynxacademy.co.za
 ○ Compiling /courses/[id]/page ...
 ✓ Compiled /courses/[id]/page in 2.5s (1066 modules)
[next-auth][warn][DEBUG_ENABLED] 
https://next-auth.js.org/warnings#debug_enabled
Redirect callback - URL: http://localhost:3001/auth/signin Base URL: http://localhost:3001
Session callback - Creating session for: student1@lynxacademy.co.za
 ⨯ ../node_modules/.pnpm/next@14.0.0_@babel+core@7.27.4_react-dom@18.2.0_react@18.2.0__react@18.2.0/node_modules/next/dist/shared/lib/image-loader.js (41:26) @ defaultLoader
 ⨯ Error: Invalid src prop (https://images.unsplash.com/photo-1596495578065-6e0763fa1178?ixlib=rb-4.0.3&auto=format&fit=crop&w=600&q=80) on `next/image`, hostname "images.unsplash.com" is not configured under images in your `next.config.js`
See more info: https://nextjs.org/docs/messages/next-image-unconfigured-host
    at Array.map (<anonymous>)
null
 ⨯ ../node_modules/.pnpm/next@14.0.0_@babel+core@7.27.4_react-dom@18.2.0_react@18.2.0__react@18.2.0/node_modules/next/dist/shared/lib/image-loader.js (41:26) @ defaultLoader
 ⨯ Error: Invalid src prop (https://images.unsplash.com/photo-1481627834876-b7833e8f5570?ixlib=rb-4.0.3&auto=format&fit=crop&w=600&q=80) on `next/image`, hostname "images.unsplash.com" is not configured under images in your `next.config.js`
See more info: https://nextjs.org/docs/messages/next-image-unconfigured-host
    at Array.map (<anonymous>)
null
 ⨯ ../node_modules/.pnpm/next@14.0.0_@babel+core@7.27.4_react-dom@18.2.0_react@18.2.0__react@18.2.0/node_modules/next/dist/shared/lib/image-loader.js (41:26) @ defaultLoader
 ⨯ Error: Invalid src prop (https://images.unsplash.com/photo-1481627834876-b7833e8f5570?ixlib=rb-4.0.3&auto=format&fit=crop&w=600&q=80) on `next/image`, hostname "images.unsplash.com" is not configured under images in your `next.config.js`
See more info: https://nextjs.org/docs/messages/next-image-unconfigured-host
    at Array.map (<anonymous>)
null
 ⨯ ../node_modules/.pnpm/next@14.0.0_@babel+core@7.27.4_react-dom@18.2.0_react@18.2.0__react@18.2.0/node_modules/next/dist/shared/lib/image-loader.js (41:26) @ defaultLoader
 ⨯ Error: Invalid src prop (https://images.unsplash.com/photo-1559757148-5c350d0d3c56?ixlib=rb-4.0.3&auto=format&fit=crop&w=600&q=80) on `next/image`, hostname "images.unsplash.com" is not configured under images in your `next.config.js`
See more info: https://nextjs.org/docs/messages/next-image-unconfigured-host
    at Array.map (<anonymous>)
null
 ⨯ ../node_modules/.pnpm/next@14.0.0_@babel+core@7.27.4_react-dom@18.2.0_react@18.2.0__react@18.2.0/node_modules/next/dist/shared/lib/image-loader.js (41:26) @ defaultLoader
 ⨯ Error: Invalid src prop (https://images.unsplash.com/photo-1481627834876-b7833e8f5570?ixlib=rb-4.0.3&auto=format&fit=crop&w=600&q=80) on `next/image`, hostname "images.unsplash.com" is not configured under images in your `next.config.js`
See more info: https://nextjs.org/docs/messages/next-image-unconfigured-host
    at Array.map (<anonymous>)
null
Redirect callback - URL: http://localhost:3001/auth/signin Base URL: http://localhost:3001
Session callback - Creating session for: student1@lynxacademy.co.za
 ⨯ ../node_modules/.pnpm/next@14.0.0_@babel+core@7.27.4_react-dom@18.2.0_react@18.2.0__react@18.2.0/node_modules/next/dist/shared/lib/image-loader.js (41:26) @ defaultLoader
 ⨯ Error: Invalid src prop (https://images.unsplash.com/photo-1532094349884-543bc11b234d?ixlib=rb-4.0.3&auto=format&fit=crop&w=600&q=80) on `next/image`, hostname "images.unsplash.com" is not configured under images in your `next.config.js`
See more info: https://nextjs.org/docs/messages/next-image-unconfigured-host
    at Array.map (<anonymous>)
null
Redirect callback - URL: http://localhost:3001/auth/signin Base URL: http://localhost:3001
Session callback - Creating session for: student1@lynxacademy.co.za
Redirect callback - URL: http://localhost:3001/auth/signin Base URL: http://localhost:3001
Session callback - Creating session for: student1@lynxacademy.co.za
Redirect callback - URL: http://localhost:3001/auth/signin Base URL: http://localhost:3001
Session callback - Creating session for: student1@lynxacademy.co.za
 ⨯ ../node_modules/.pnpm/next@14.0.0_@babel+core@7.27.4_react-dom@18.2.0_react@18.2.0__react@18.2.0/node_modules/next/dist/shared/lib/image-loader.js (41:26) @ defaultLoader
 ⨯ Error: Invalid src prop (https://images.unsplash.com/photo-1559757148-5c350d0d3c56?ixlib=rb-4.0.3&auto=format&fit=crop&w=600&q=80) on `next/image`, hostname "images.unsplash.com" is not configured under images in your `next.config.js`
See more info: https://nextjs.org/docs/messages/next-image-unconfigured-host
    at Array.map (<anonymous>)
null
 ⨯ ../node_modules/.pnpm/next@14.0.0_@babel+core@7.27.4_react-dom@18.2.0_react@18.2.0__react@18.2.0/node_modules/next/dist/shared/lib/image-loader.js (41:26) @ defaultLoader
 ⨯ Error: Invalid src prop (https://images.unsplash.com/photo-1481627834876-b7833e8f5570?ixlib=rb-4.0.3&auto=format&fit=crop&w=600&q=80) on `next/image`, hostname "images.unsplash.com" is not configured under images in your `next.config.js`
See more info: https://nextjs.org/docs/messages/next-image-unconfigured-host
    at Array.map (<anonymous>)
null
 ⨯ ../node_modules/.pnpm/next@14.0.0_@babel+core@7.27.4_react-dom@18.2.0_react@18.2.0__react@18.2.0/node_modules/next/dist/shared/lib/image-loader.js (41:26) @ defaultLoader
 ⨯ Error: Invalid src prop (https://images.unsplash.com/photo-1481627834876-b7833e8f5570?ixlib=rb-4.0.3&auto=format&fit=crop&w=600&q=80) on `next/image`, hostname "images.unsplash.com" is not configured under images in your `next.config.js`
See more info: https://nextjs.org/docs/messages/next-image-unconfigured-host
    at Array.map (<anonymous>)
null
 ⨯ ../node_modules/.pnpm/next@14.0.0_@babel+core@7.27.4_react-dom@18.2.0_react@18.2.0__react@18.2.0/node_modules/next/dist/shared/lib/image-loader.js (41:26) @ defaultLoader
 ⨯ Error: Invalid src prop (https://images.unsplash.com/photo-1481627834876-b7833e8f5570?ixlib=rb-4.0.3&auto=format&fit=crop&w=600&q=80) on `next/image`, hostname "images.unsplash.com" is not configured under images in your `next.config.js`
See more info: https://nextjs.org/docs/messages/next-image-unconfigured-host
    at Array.map (<anonymous>)
null
 ⨯ ../node_modules/.pnpm/next@14.0.0_@babel+core@7.27.4_react-dom@18.2.0_react@18.2.0__react@18.2.0/node_modules/next/dist/shared/lib/image-loader.js (41:26) @ defaultLoader
 ⨯ Error: Invalid src prop (https://images.unsplash.com/photo-1559757148-5c350d0d3c56?ixlib=rb-4.0.3&auto=format&fit=crop&w=600&q=80) on `next/image`, hostname "images.unsplash.com" is not configured under images in your `next.config.js`
See more info: https://nextjs.org/docs/messages/next-image-unconfigured-host
    at Array.map (<anonymous>)
null
 ⨯ ../node_modules/.pnpm/next@14.0.0_@babel+core@7.27.4_react-dom@18.2.0_react@18.2.0__react@18.2.0/node_modules/next/dist/shared/lib/image-loader.js (41:26) @ defaultLoader
 ⨯ Error: Invalid src prop (https://images.unsplash.com/photo-1532094349884-543bc11b234d?ixlib=rb-4.0.3&auto=format&fit=crop&w=600&q=80) on `next/image`, hostname "images.unsplash.com" is not configured under images in your `next.config.js`
See more info: https://nextjs.org/docs/messages/next-image-unconfigured-host
    at Array.map (<anonymous>)
null
Redirect callback - URL: http://localhost:3001/auth/signin Base URL: http://localhost:3001
Session callback - Creating session for: student1@lynxacademy.co.za
Redirect callback - URL: http://localhost:3001/auth/signin Base URL: http://localhost:3001
Session callback - Creating session for: student1@lynxacademy.co.za
Redirect callback - URL: http://localhost:3001/auth/signin Base URL: http://localhost:3001
Session callback - Creating session for: student1@lynxacademy.co.za
Redirect callback - URL: http://localhost:3001/auth/signin Base URL: http://localhost:3001
Session callback - Creating session for: student1@lynxacademy.co.za
Redirect callback - URL: http://localhost:3001/auth/signin Base URL: http://localhost:3001
Session callback - Creating session for: student1@lynxacademy.co.za
Redirect callback - URL: http://localhost:3001/auth/signin Base URL: http://localhost:3001
Session callback - Creating session for: student1@lynxacademy.co.za
Redirect callback - URL: http://localhost:3001/auth/signin Base URL: http://localhost:3001
Session callback - Creating session for: student1@lynxacademy.co.za
